fonte,coletado_em,posto_id,nome,uf_fonte,cidade_fonte,bairro,endereco,cep,telefones,email,site,contato,horario,segmento
casio,2026-09-06,casio-e4b285bc5b,HI FI ELETRONICA,AL,MACEIO,,"RUA DR. GUEDES GONDIM, 278 - CENTRO - MACEIÓ - ALAGOAS",57020-260,8233265102|8230340081,hifieletronic@uol.com.br,,,Segunda e Sexta das 8:00h as 12h e das 14:00h as 18h00h / Sábados das 8h as 12h,
casio,2026-09-06,casio-34de0d4805,ATSE COMÉRCIO E SERVIÇOS DE ELETRÔNICOS E INFORMÁTICA,AM,Manaus,,"Av. Constantino Nery, 289- Centro - Manaus - AM",,9232326188|92993384934,atse_assistencia@hotmail.com,,,Segunda à Sexta das 8h as 17h/ Sábado das 8h as 12h.,
casio,2026-09-06,casio-3694773b17,SINAL ELETRÔNICA,BA,Itabuna,,"Av. Princesa Isabel, 935 - São Caetano - Itabuna - Bahia",45607-123,7336135835,sinal_sinal@hotmail.com,,,Segunda e Sexta das 9h as 12h e das 13h as 17h30h,
casio,2026-09-06,casio-1cfff41999,ELETRÔNICA DOREA,BA,Salvador,,"Rua Rodolfo Pimentel, N°2A - Brotas - Salvador - Bahia",40283-220,7132446390,eletronicadorea@gmail.com,,,Segunda à Sexta das 9h as 18h,
casio,2026-09-06,casio-f35ba7e052,PLAYMUSIC ASSISTENCIA TECNICA,BA,Salvador,,"Avenida Vale do Tororó, 98 - Sala 101 - Tororó - Salvador - Bahia",40050-290,7132415999|71999997514,playmusic-ba@hotmail.com,,,Segunda à Sexta das 9h as 18h/ Sábado das 9h as 12h.,
casio,2026-09-06,casio-209a4922fe,ELETRÔNICA ITASOM,CE,Fortaleza,,"Av. Padre Ibiapina, 1365 - Jacarecanga - Fortaleza - CE",,8532231856|85999664647,itasomtecnica@hotmail.com,,,Segunda e Sexta das 8h as 12h e das 13h as 17h - Sábado das 8h as 12h,
casio,2026-09-06,casio-d74932a96c,BRASTÉCNICA ELETRÔNICA LTDA,DF,Brasilia,,QE 40 CONJUNTO Q LOTE 23-GUARÁ II - Brasilia - DF,71070-172,6135683375|6133827036,brastecnica@terra.com.br,,,Segunda e Sexta das 8h as 18h e sadados 8h as 12h,
casio,2026-09-06,casio-60155c1a5a,DALTON JOSE DA SILVA ELETRONICA - ME DINAMUS ELETRONICA,DF,Brasilia,,"Quadra 45, Lote 3, Loja 2,Setor leste (gama)",,61981772776,daltonibnc@gmail.com,,,Seg a Sex 09:00 ás 18:00 Sab 09:00 ás 12:00,
casio,2026-09-06,casio-f6b01bc193,SHARCOLOR ELETRONICA LTDA-ME,ES,Espirito Santo,,"Avenida Marechal Mascarenhas de moraes, 2577 - Bairro Bento Ferreira - Vitória - ES",29050-667,2732274575|2733243931,sharcolor@uol.com.br,,,Segunda à sexta-feira das 8h as 18h,
casio,2026-09-06,casio-8bc4097aa8,Home Service Goiania,GO,Goiania,,Rua 261 N 432 - Set Coimbra - Goiania -Goias,,6299464605,homeserviceaudioevideo@hotmail.com,,,Segunda a Sexta das 08:00h as 17:00 Sabado 08:00 as 12:00,
casio,2026-09-06,casio-fd46ebc333,SILVATECK - M SANTOS SILVA COM. E SERV.,MA,São Luis,,"Rua do Alecrim, 352 - Centro São Luis - Maranhão",65010-040,9832210654|9832325685,silvateck@oi.com.br,,,Segunda e Sexta das 8:30h as 12h e das 14h as 18h,
casio,2026-09-06,casio-93bdf3c8a9,JV ELETRONICA MUSICAL LTDA,MG,Belo Horizonte,,"RUA PADRE EUSTAQUIO,1620 - CARLOS PRATES - BELO HORIZONTE - MG",,3132010528,eletronicajv.bh@hotmail.com,,,Segunda e Sexta das 9h as 18h - Sábado das 9h as 12h,
casio,2026-09-06,casio-3623f8225b,TECHNOCENTER BH,MG,Belo Horizonte,,"Rua Melo Teixeira, 123, Bairro: Álvaro Camárgos",,3135646476,atendimento@technocenterbh.com.br,,,Segunda e Sexta das 9h as 12h e das 13h as 17:30h - Sábado das 9h as 12h,
casio,2026-09-06,casio-5640dbe072,EQUIP.CENTER,MG,Uberaba,,"Rua Teófilo Otoni, 185 – São Benedito – Uberaba,MG",,3433160846,equipcenter@equipcenter.tv,,,Segunda a Sexta das 8:00h as 18:00h e sabados das 8:00h as 12:00h.,
casio,2026-09-06,casio-ac3bf82763,MC VIDEO SOM LTDA,MG,UBERLÂNDIA,,"AVENIDA RIO BRANCO,1088 - UBERLANDIA - MG",,3432365825,mc@mcvideosom.com.br,,,Segunda a Sexta das 8:00h as 18:00h / Sabado 8:00 as 12:00,
casio,2026-09-06,casio-eda68ee692,WMtech,PA,Castasnhal,,"Alameda B N H, 11 - Centro, Castanhal - PA",68740-420,91991032717,wmtechpa@gmail.com,,,Segunda a Sexta das 9:00h as 17:00,
casio,2026-09-06,casio-cab202c3ad,CORUJÃO ELETRÔNICA,PB,João Pessoa,,"Av. expedicionários, 100 - Sala 105 - Expedicionário - João Pessoa - Paraíba",,8332255133|83988265556|83996778405,corujaoeletronica@gmail.com,,,Segunda a Sexta-feira das 9h as 12:30h e das 13:30h as 17h,
casio,2026-09-06,casio-f3ca8c9c45,CP TECH AUDIO,PE,Recife,,RUA JOÃO FERNANDES VIEIRA 574 | SALA 403 | RECIFE/PE,,8134222038,atendcptec@gmail.com,,,Segunda a Sexta das 9:00h as 18:00h,
casio,2026-09-06,casio-f7e295a484,AUDIOLASER,PR,Curitiba,,"Rua Blaise Pascal, 124 Bairro: Abranches Curitiba",82220-230,4130273200,email@laserassistencia.com.br,,,Segunda e Sexta das 9h as 12h e das 13h as 17h30h,
casio,2026-09-06,casio-ae7011cc06,M P DE SOUZA & CIA. EPP,PR,Curitiba,,"RUA MONSENHOR CELSO,128 - 1º ANDAR CONJ 02- CENTRO - CURITIBA - PARANA",80010-150,4132231067|41999907574,laboratorio.casio@hotmail.com,,,Segunda e Sexta das 9:00h as 18:30h / Sábados das 9h as 12h,
casio,2026-09-06,casio-9dd97e8d04,DOS ANJOS E CAMPANA LTDA,PR,Londrina,,"Av Maringa, 2053 B, Jardim Quebec, Londrina, PR , Brasil",86060-000,4333281805|4330287035,hightec@sercomtel.com.br,,,Segunda e Sexta das 8h as 12h e das 14h as 17h30h/ Sábado das 8h as 12h,
casio,2026-09-06,casio-d802d2e2ac,Musitec,RJ,Rio de Janeiro,,"TRAVESSA SÁ RÊGO,453Bairro:Andrade de Araujo",,2126672659|21985592625,musitec.assistencia@yahoo.com,,,Segunda a Sexta das 09:00h as 17:00,
casio,2026-09-06,casio-c342895036,Video Life Ltda,RJ,Rio de Janeiro,,"Estrada da Gávea, nº 847, Loja 119, Bairro de São Conrado, Município do Rio de Janeiro, Estado do Rio de Janeiro",22610-001,2133222695|2133222793|21984574111,videolife2000@hotmail.com,,,Segunda à Sexta das 9h as 18hs e Sábado 9h as 13h,
casio,2026-09-06,casio-951710b4dd,Htec eletronica,RN,Natal,,"AV. .Prudente de Moraes, 6478 - Candelaria - Natal - RN",,8420208080,flaviohtec@gmail.com,,,Segunda a sexta das 8:00h as 12:00 e 14:00 as 18:00 Sabado das 8:00 as 12:00,
casio,2026-09-06,casio-5cf8b12c8d,SCHAEFER TECNOLOGIA E SERVIÇOS LTDA,RS,Novo Hamburgo,,"R. Passeio Calçadão Osvaldo Cruz, 54 Sala 215 - 2º Andar - Centro -Galeria Hamburguesa - Novo Hamburgo RS",,5130663562|51998479023,edynew3@gmail.com,,,Segunda à Sexta das 9:30 as 12h e das 13:15h as 18h / Sábado das 9:30 as 12:30.,
casio,2026-09-06,casio-1adaec5826,Digisom GW,RS,Porto Alegre,,"Rua São Nicolau, 1093, Bairro Santa Maria Goretti",91030-230,5133438142|51991419023,digisompoa@gmail.com,,,Segunda a Sexta das 9:00h as 18:00,
casio,2026-09-06,casio-ca056e9bc1,ELETRÔNICA OFICINA DO SOM,SC,Florianopolis,,"Rod. João Gualberto Soares, 1570 Loja 03 - Ingleses do Rio Vermelho",,4832094070,assistencia@oficinadosomsc.com.br,,,Terça a Sexta das 9:00h as 11:30h e das 14:00h as 18:00h,
casio,2026-09-06,casio-2d825a6614,ELETRÔNICA ALFA,SC,Itajaí,,"Rua Gaspar, 237 - Bairro São Judas - Itajaí - SC",88303-320,4733491716,eletronicaalfa1@hotmail.com,,,Segunda à Sexta das 8h30 as 18h,
casio,2026-09-06,casio-7dd0924450,JL AUDIO,SC,JOINVILLE,,"Dr. Plácido Olímpio de Oliveira, 750 – Sala 01 - Joinville / SC",89202-450,4734231287|47991968061,contato@jlaudioeletronica.com.br,,,Segunda e Sexta das 8:15h as 12h e das 13:30h as 18h30h,
casio,2026-09-06,casio-561d3ba3e5,EV2 ELETRONICA DIGISOM SC,SC,São José,,"RUA ANNA ORLANDINA MACIEL, 251 CENTRO SÃO JOSÉ - SC",88103-120,4832254347|48988452775,atendimento.digisom.sc@gmail.com,,,Segunda a Sexta-feira das 8:30h as 12h e das 13:30h as 18h,
casio,2026-09-06,casio-aa6480c414,ELETRONICA NACIONAL,SE,Aracaju,,"RUA DEPUTADO CARLOS CORREIA, 569 - SIQUEIRA CAMPOS - ARACAJU - SE",,7932145564,assistencia@eletronicanacional.com.br,,,Segunda a Sexta das 8:00h as 17:45h / Sabado 8:00 as 12:45,
casio,2026-09-06,casio-d350bfc65a,Home Prime Eletrônica,SP,Alphaville,,CALC DAS MARGARIDAS 306,,1141917420,contato@homeprimeeletronica.com.br,,,9:00 as 18:00 segunda a sexta / sabado 09:00 as 13:00,
casio,2026-09-06,casio-776e5565b2,EXPRESSOM - SOM E ACESSÓRIOS,SP,Araraquara,,"RUA MAJOR CARVALHO FILHO, 866 - CENTRO - ARARAQUARA, SP",14801-280,1633361411,expressom@bol.com.br,,,Segunda e Sexta das 9h as 18h,
casio,2026-09-06,casio-8d0c7ece8d,DIGITAL AUDIO MUSIC,SP,Campinas,,"Rua Orlando Carpino, 65 - Jardim Chapadão - Campinas - São Paulo",,1935794520,contato@digitalaudiomusic.com.br,,,Segunda a Sexta-feira das 9h as 12h e das 13:30h as 17:30h,
casio,2026-09-06,casio-88b79d42f6,FELTRONIC COMERCIO E SERVIÇOS LTDA-ME,SP,Jaú,,"RUA DR. ÍTALO PECCIOLI, Nº 203 - JD. FERREIRAS DIAS - JAÚ SP.",,1436227347|1436229892,feltronic@feltronic.com.br,,,Segunda à Sexta das 8h as 12h e das 13h as 18h / Sábado das 8h as 12h,
casio,2026-09-06,casio-5b4d367ff9,ELETRONICA SAI,SP,JUNDIAI,,RUA BOM JESUS DE PIRAPORA 1640 -JUNDIA-SÃO PAULO,13207-605,1145875176,eletronica@eletronicasai.com.br,,,Segunda e Sexta das 8:30h as 11:30h e 13h as 18h,
casio,2026-09-06,casio-ea32a1b3db,MUSICTEC ASSISTENCIA TECNICA,SP,Mogi das Cruzes,,"Rua Barão de Jaceguai, 509 - sala 82 - 8º andar -Centro - Mogi das Cruzes - São Paulo",08710-160,1147913867,musictecmogi@uol.com.br,,,Segunda a Sexta das 9:00h as 12:30 / 13:30 as 18:00 Sabado das 9:00 as 13:00,
casio,2026-09-06,casio-4b98081786,ESTAÇÃO ACÚSTICA LUTHIER,SP,Praia Grande,,"Rua Plinio Salgado, 49 - Sitio do Campo (Tude Bastos) - Praia Grande - SP",11724-060,1333029000,estacaoacustica@ig.com.br,,,Segunda à Sexta das 9h as 18h,
casio,2026-09-06,casio-ebce730163,FPS - FIX PRO SERVICE,SP,São Paulo,,"Rua Columbus, 171 Vila Leopoldina - São Paulo - SP",05304-010,1149992380,fixproservice@fixproservice.com.br,,,08:30 às 18:00 h,
casio,2026-09-06,casio-8f3c9f40b2,Pro Audio Assistência Técnica,SP,São Paulo,,"Rua 21 de Abril, 416, Rudge Ramos São Bernardo",,1141773550,proaudioabc@gmail.com,,,Segunda a Sexta das 9:00h as 13:00 / 15:00 as 18:00,
casio,2026-09-06,casio-1f8bafb97c,Tbase,SP,São Paulo,,"Avenida Miguel Estefno, 779, Vila da Saúde São Paulo, SP",04301-011,1123851220|11958429494,tbase2003@gmail.com,,,Segunda a Sexta das 10:00h as 16:00h,
casio,2026-09-06,casio-cf83d0ba28,Tectronica Assistência Técnica,SP,São Paulo,,"Rua Carlos Camargo Aranha, nº 12 Bairro Jardim São Paulo - SP",02039-090,1129711641|11956061360,atendimento@tectronica.com.br,,,Segunda a Sexta das 9:00h as 17:00 /Sabado 9:00 as 13:00,
casio,2026-09-06,casio-ca15fd2a8c,TG ELETRÔNICA COM. ASSIST. TEC. LTDA,SP,São Paulo,,"R. Toledo Barbosa, 601 - Belém, São Paulo - SP",03061-000,1122915038,tgeletronica@terra.com.br,,,Segunda e Sexta das 8h as 17h30h,
proshows,2026-09-06,proshows-6722c820cb,FH ELETRÔNICA,AL,Maceió,Poço,"Rua Castro Alves, 164 – A",57025-460,8230355789|82988784801,fh.eletronica@outlook.com,,Barbara,,Áudio/Iluminação/Valvulados/Painel De Led/Lutheria
proshows,2026-09-06,proshows-72962929cf,HI FI ELETRONIC,AL,Maceió,Centro,"Rua Dr. Guedes Godim, 278",57020-260,82988992245,hifieletronic@uol.com.br,,Pedro Júnior,,Áudio/Iluminação
proshows,2026-09-06,proshows-6990104635,DF ELETRÔNICA,BA,Alagoinhas,Teresópolis,"Rua Santo Antônio, 04",48018-515,75999748931|75982238529,df.eletronica2@gmail.com,,Dilson,,Áudio/Valvulados
proshows,2026-09-06,proshows-b93141024e,JP SMART,BA,Eunápolis,Gusmão,"Rua Guarani, 330 - 1º Andar",45821-030,7332811583|73991172830,jpsmartservice02@gmail.com,,Jucilaine,,Áudio/DJ/Iluminação/Painel De Led
proshows,2026-09-06,proshows-300e96e74f,AUDIOSOM,BA,Feira de Santana,Centro,"Rua Cristóvão Barreto, 43",44003-127,7534713788|75991162011,audiosom2@hotmail.com,,Zacarias,,Áudio
proshows,2026-09-06,proshows-10d1a072c2,EVERSOM ELETRÔNICA PROFISSIONAL,BA,Ilhéus,Conquista,"Rua Gileno Franca, 145",45650-700,73988026287,everaldotecnico@yahoo.com.br,,Everson,,Áudio/ Iluminação
proshows,2026-09-06,proshows-8c07845952,SINAL ELETRÔNICA,BA,Itabuna,São Caetano,"Av. Princesa Isabel, 935",45607-123,73991745080,sinaleletronica@hotmail.com,,Antônio / Eziel,,Áudio/Iluminação
proshows,2026-09-06,proshows-991447c165,BEDIN ELETRÔNICA,BA,Salvador,Santa Cruz,"Rua Mundo Novo, 105",41928-132,7133536024,bedineletronica@gmail.com,,Amilton,,Áudio/Iluminação
proshows,2026-09-06,proshows-37a055599a,PCM ELETRÔNICA,BA,Salvador,Cajazeiras,"Rua Álvaro da França Rocha, 136 - CAJ IV",41334-320,7133093044,pcmeletronica@hotmail.com,,Edson,,Áudio
proshows,2026-09-06,proshows-08fb3b027b,PLAYMUSIC,BA,Salvador,Tororó,"AV. VALE DO TORORÓ, 98",40050-290,7132415999,playmusic-ba@hotmail.com,,Orlando Maciel,,Áudio
proshows,2026-09-06,proshows-5e736fcdec,S ELETRÔNICA,BA,Salvador,Garcia,"ALAMEDA FILEMON ANDRADE, 442 - SALA 105",40100-060,7130438226,esseletronica@gmail.com,,Paulo,,Áudio/Valvulados
proshows,2026-09-06,proshows-4fd81ba285,MULTISOM MUSICAL E ELETRÔNICA,BA,Vitoria da Conquista,Brasil,"Avenida Presidente Dutra, 2714 - 1º Andar",45051-030,7734211081|77988219948,multisom_vc@hotmail.com,,Adoniran,,Áudio
proshows,2026-09-06,proshows-2a7bff9ab7,ELETRÔNICA ITASOM,CE,Fortaleza,Centro,"Avenida Padre Ibiapina, 1365",60010-690,8532231856|85999664647,itasomtecnica@hotmail.com,,Ricardo,,Áudio/Iluminação
proshows,2026-09-06,proshows-017afbbddd,LUTHITEC,CE,Fortaleza,Centro,"Rua Nogueira Acioli, 1400",60110-140,8530161123,luthitec@gmail.com,,Eliabe,,Áudio/DJ
proshows,2026-09-06,proshows-6e6202b89e,BRASILIA ELETRÔNICA,DF,Brasília,Asa Norte,"CLN 307, Bloco E - Loja 06",70746-550,6134473880|61984342065,admin@brasiliaeletronica.com,,Carlos Roberto,,Áudio/ Valvulados
proshows,2026-09-06,proshows-222808fc36,TECLADOS E CIA,ES,Cariacica,Itacibá,"Rua Manoel Joaquim dos Santos, 786",29150-270,27998455442|27996482903,tecladosecia@hotmail.com,,Ivonaldo,,Áudio/Iluminação
proshows,2026-09-06,proshows-597c1cdaf1,SHARCOLOR,ES,Vitória,Bento Ferreira,"Avenida Marechal Mascarenhas de Moraes, 2577",29050-667,2732274575|2733243931,sharcolor@uol.com.br,,Jaime,,Áudio/Iluminação
proshows,2026-09-06,proshows-ca09025b73,REVOLUTION MUSIC,GO,Catalão,Setor Central,"Rua Madre Esperança Garrido, 179",70746-550,6434424670,revolutionmusic_pedropaulo@hotmail.com,,Pedro Paulo,,Áudio/Iluminação/Luthieria
proshows,2026-09-06,proshows-2e11894485,LTECH,GO,Goiânia,Setor São José,"Avenida São Clemente, 632 - QD 563, LT 05",74440-300,6236614656|62981695586,l.tech.eletro@gmail.com,,Bruno Mathias,,Áudio/Iluminação
proshows,2026-09-06,proshows-8024c896f5,MUNDO DOS COMPUTADORES,GO,Goiânia,Setor Bueno,"Avenida Mutirão, 1856",75215-240,6232519054|62999718841,mundodoscomputadores@hotmail.com,,Jean Carlos,,Áudio/Valvulados
proshows,2026-09-06,proshows-84e40dbe56,PROJESOM,GO,Goiânia,Campinas,"Avenida Senador Jaime, 595 - Sala 10",74525-010,62998451100,camilo_projesom@hotmail.com,,Márcia,,Áudio
proshows,2026-09-06,proshows-37c05409c0,PROLUX,GO,Goiânia,Setor Aeroviário,"Rua Martinho Nascimento, 449",74435-060,6235762148|6232918264,proluxassistencia@outlook.com,,Juliano,,Áudio/Iluminação
proshows,2026-09-06,proshows-b997c49776,S.O.S LIGHT,GO,Goiânia,Setor Pedro Ludovico,"Rua Alameda Guimarães Natal, 749 - QD 16, LT 4",74820-030,6236423839|62981012199,soslighting@gmail.com,,Cleyner,,Áudio/Iluminação
proshows,2026-09-06,proshows-24bbd95677,BARTOLOMEU ELETRÔNICA E TECNOLOGIA,GO,Iporá,Centro,"Avenida Rio Claro, 682",76200-000,6436742213,barto_eletronica@hotmail.com,,Bartolomeu,,Áudio/Iluminação
proshows,2026-09-06,proshows-325c805561,AE&T ASSISTÊNCIA,MA,Imperatriz,Colina Park,"Rua Local, 4 - QD 15, LT 21",65916-130,99981135291,eletronicaerecnologica2013@hotmail.com,,Márcio,,Áudio
proshows,2026-09-06,proshows-7b50d49a0a,A POLITÉCNICA,MA,São Luís,Resid. Vinhais II,"Rua Tibiri, 05",65070-100,9830820645|98982137674,a_politecnica@hotmail.com,,Luciano,,Áudio/Iluminação
proshows,2026-09-06,proshows-45a744f22e,SILVATECK,MA,São Luís,Centro,"Rua do Alecrim, 352",65010-040,9832210654|9832325685,silvateck@oi.com.br,,Bernardo,,Áudio/Iluminação/Valvulados
proshows,2026-09-06,proshows-2c3e612e41,ASLAN MUSIC SHOP,MG,Belo Horizonte,Centro,"Avenida Olegário Maciel,159",30180-113,3132012431|31992002431,assistencia@aslanmusicshop.com.br,,Ítalo,,Lutheria
proshows,2026-09-06,proshows-2b46e03ea7,CIA ELETRONICA,MG,Belo Horizonte,Gloria,"RUA FERNANDO DE NORONHA, 498A",30870-200,3125528326,alex_bh@outlook.com,,Alexander,,Áudio/DJ/Iluminação/Painel de led
proshows,2026-09-06,proshows-de4963a43c,ELETRONICS,MG,Belo Horizonte,Castelo,"Avenid Presidente Tancredo Neves, 3445 - Galpão 02",31330-430,3134111541,sac@autoradio.com.br,,Alvarino,,Áudio/Iluminação/Valvulados
proshows,2026-09-06,proshows-7212f23c6a,JV ELETRÔNICA - ACORDE ELETRÔNICA,MG,Belo Horizonte,Carlos Prates,"RUA PADRE EUSTÁQUIO, 1620",30710-580,3132010528|3125550928,joaosantana04015@outlook.com,,Laura Maimoni,,Áudio/Iluminação/Painel de Led
proshows,2026-09-06,proshows-2921a18361,TECHNOCENTERBH,MG,Belo Horizonte,Barro Preto,"Avenida Augusto De Lima, 1259",30190-002,3135646476,atendimento@technocenterbh.com.br,,Paulo Henrique,,Áudio/Valvulados
proshows,2026-09-06,proshows-4c7b8d4e8a,DUETRONICA,MG,Betim,Chácara,"AV. BANDEIRANTES, 419",32670-295,31971426500,,,Guilherme,,Áudio/Iluminação/Painel de Led
proshows,2026-09-06,proshows-225ced2f94,REVISÃO ELETRÔNICA,MG,Conselheiro Lafaiete,Museu,"Rua Dom Silvério, 89",36400-202,3139397659|31984947659,revisaoeletronica1@gmail.com,,Andy,,Áudio/Valvulados
proshows,2026-09-06,proshows-ef47d53e64,ELETRÔNICA GONTIJO,MG,Contagem,Novo Riacho,"Av. Cantagalo, 165",32280-500,3130114646,eletrogontijo@gmail.com,,Sérgio,,Áudio/Valvulados
proshows,2026-09-06,proshows-b2f7a25936,TIAGO ELETRÔNICA,MG,Governador Valadares,Azteca,"Rua Cento E Quatro, 98",35042-110,3384116086,tiagofrancisco2550@gmail.com,,Tiago,,Áudio e Iluminação
proshows,2026-09-06,proshows-47eaee95d0,SONORA SOLUÇÕES EM ÁUDIO,MG,Ipatinga,Centro,"Rua Sabará, 09",35160-022,3136687244|31992112732,sonorasolucoes@hotmail.com,,João Maia,,Áudio/Iluminação
proshows,2026-09-06,proshows-16bc102ddf,ELTON ELETRÔNICA,MG,João Pinheiro,Centro,"Rua Aparício Saraiva, 274",38770-000,3835611958,ueltoneletronica@hotmail.com,,Uelton,,Áudio
proshows,2026-09-06,proshows-e5e384e082,TELEVISOM ELETRÔNICA,MG,Juiz de Fora,Granbery,"Rua Antônio Dias Tostes, 518",36010-370,3232136742,televisom.at@hotmail.com,,Wander,,Audio/Valvulados
proshows,2026-09-06,proshows-e01e06f1e5,DEL REY,MG,Lavras,Centro,"RUA BARÃO DO RIO BRANCO, 360",37200-000,3538211155,delrey_eletronica@hotmail.com,,José Hamilton,,Áudio/Iluminação/Valvulados
proshows,2026-09-06,proshows-3bc6c1b036,AUDIOTECH ELETRÔNICA,MG,Montes Claros,Alto São João,"Rua Jaguaribe, 272",39400-313,3832142192|38998814946,renato@audiotecheletronica.com.br,,Renato,,Áudio/Iluminação/Painel De Led
proshows,2026-09-06,proshows-58a8f8ae57,NOX ELETRÔNICA,MG,Santa Luzia,Centro,"RUA OLEGARIO MACIEL, 283",30110-040,3130110108,nox_eletronica@hotmail.com,,Márcio Wellington,,Áudio/Iluminação
proshows,2026-09-06,proshows-ad52d1ffae,ÁUDIO CENTER,MG,Uberaba,Jardim América,"Rua Dos Xerentes, 311 A 319",38036-090,3433133529,comercialaudiocenter@gmail.com,,Evaldo,,Áudio/Iluminação/Valvulados/Painel De Led
proshows,2026-09-06,proshows-ca6f13980f,EQUIP CENTER LTDA,MG,Uberaba,São Benedito,"Rua Teófilo Otoni, 185",38022-030,3433160846,equipcenter@equipcenter.tv,,Riclei,,Áudio/Iluminação/Painel De Led
proshows,2026-09-06,proshows-9ab0d91ae1,SLP SERVIÇOS E PRODUTOS,MG,Uberlândia,Brasil,"Rua Porto Alegre, 360",38400-644,3430833714|34992321200,slp.atendimento@gmail.com,,Wald Anderson,,Áudio/Iluminação/Painel De Led/Valvulados
proshows,2026-09-06,proshows-3bb8b8f90d,SIATEC,MS,Campo Grande,Jardim Monte Líbano,"Rua Coronel Sebastiao Lima, 639",79004-600,6733871203,siatec.eletronica@uol.com.br,,Antônio Carlos,,Áudio/Valvulados
proshows,2026-09-06,proshows-6a8607c572,VIP ELETRÔNICA,MS,Campo Grande,Centro,"Rua Antônio Maria Coelho, 1966",79002-220,67992091085,vip_eletronica@hotmail.com,,Márcio,,Áudio/Valvulados
proshows,2026-09-06,proshows-b55dfca3fd,ALENCAR ASSISTÊNCIA TÉCNICA,MT,Cuiabá,Verdão,"Avenida São Sebastião, 489",78030-298,6536372483|65999230118,djsalencar@hotmail.com,,Alencar,,Áudio/Iluminação
proshows,2026-09-06,proshows-33cc88cf36,IMPERIAL ASSISTÊNCIA,MT,Cuiabá,JD Imperial ll,"Rua Oito, 11 - QD 4B, Residencial Claudio Marchett",78076-319,65992994904,atendimentoeletronicaimperial@gmail.com,,Ronie,,Áudio
proshows,2026-09-06,proshows-6d27152a94,SIGMA ELETRÔNICA,MT,Cuiabá,Bosque da Saúde,"Rua Das Orquídeas, 600",78050-010,6530232262|65984683144,atendimentosigma1@gmail.com,,Cláudio,,Áudio/Iluminação
proshows,2026-09-06,proshows-2206c44ac1,LEOTECH,MT,Rondonopolis,Parque São Jorge,"RUA SANTO EXPEDITO, 1142",78735-825,,leozanotello@uol.com.br,,Leonardo,,Áudio/Iluminação
proshows,2026-09-06,proshows-bdc388cc49,DIGITAL ÀUDIO NEWS,MT,Várzea Grande,Ponte Nova,"Rua Aziza Bacarat, 100",78115-090,6530296770,rosivaldodigital@hotmail.com,,Rosivaldo,,Áudio
proshows,2026-09-06,proshows-2f07cfb48c,M CARDOSO ASSISTÊNCIA TÉCNICA,PA,Abaetetuba,Algodoal,"Rua Barão Do Rio Branco, 832",68440-000,91991333867,m.30cardoso@yahoo.com.br,,Marcelo,,Áudio/Iluminação
proshows,2026-09-06,proshows-103c9de3f8,MPG2 SOUND LIGHTING,PA,Belém,Marambaia,"Rua Da Marinha, 125",66620-200,91982653409,lp_pingo@yahoo.com.br,,Marcio,,Áudio/Iluminação
proshows,2026-09-06,proshows-76e223e1ed,WM TECH - PA,PA,Castanhal,Centro,"Alameda Bnh, 11",68740-402,9121238629,at@wmtechpa.com.br,,Marcela,,Áudio/Iluminação
proshows,2026-09-06,proshows-cd0f32d65f,MEGABYTE ELETRONICA,PB,Campina Grande,Centro,"RUA JOÃO ALVES DE OLIVEIRA, 71",58400-117,8333436270|8330633571,kielcemarne@hotmail.com,,Kielce,,Áudio/Iluminação/Valvulados
proshows,2026-09-06,proshows-4ded3373a7,LYTECH SERVICE,PB,João Pessoa,Torre,"Rua Joaquim Torres, 479",58040-210,8335661475,sat@lytech.com.br,,Ivanilton,,Áudio/Iluminação
proshows,2026-09-06,proshows-c36b52e937,WTEC ASSISTENCIA TECNICA,PB,Santa Rita,Várzea Nova,"RUA PRINCESA ISABEL, 108",58300-970,8332292387,wtecassistenciatecnica@hotmail.com,,Vanderlei Barbosa,,Áudio
proshows,2026-09-06,proshows-a241277523,MB ELETRONICA,PE,Campina Grande,Cuités,"RUA JOSEFA ALVES DA SILVA, 288",58404-760,,eletronicamb1@gmail.com,,Matheus,,Áudio/Iluminação
proshows,2026-09-06,proshows-2a48809c95,JMR ELETRONICA,PE,Caruaru,São Francisco,"RUA AMERICO VESPUCIO, 188",55008-610,8131374277,jmreletronica@gmail.com,,Marcos,,Áudio
proshows,2026-09-06,proshows-0cca153104,SAATMAN EVENTOS,PE,Escada,"Galpão, Mangueira","AVENIDA IVISON AMARO DA SILVEIRA COSTA, S/N",55500-000,81996068105,gui.saatmam@gmail.com,,Guilherme,,Áudio/Iluminação
proshows,2026-09-06,proshows-82b2841ecf,ELETRÔNICA PERNAMBUCO,PE,Recife,Tamarineira,"ESTRADA DO ARRAIAL, 2846",52051-380,8134415013|8132686631,josias@eletronicape.com,,Josias Ferreira,,Áudio/Iluminação
proshows,2026-09-06,proshows-544418df77,INNOVA ELETRÔNICA,PE,Recife,Campo Grande,"Rua Joaquim Botelho, 64",52040-030,81995976692,innovaeletronica@gmail.com,,Alexandre,,Áudio/Iluminação
proshows,2026-09-06,proshows-2c5c0913cd,S.POWERTECH,PE,Recife,Santo Amaro,"Avenida Visconde De Suassuna, 775 - AP 102",50050-540,81987388758,spowertech697@gmail.com,,Thiago,,Áudio/DJ/Iluminação/Painel De Led
proshows,2026-09-06,proshows-b0b80ed3d8,SOUND MASTER,PE,Recife,Santo Antônio,"RUA MARQUÊS DO HERVAL, 215",50020-030,8132246843,ingrid.mike@hotmail.com,,Ingrid,,Áudio/Iluminação
proshows,2026-09-06,proshows-15da98727b,SOUNDFIX,PI,Teresina,Saci,"Rua General Joao Henrique Gaioso, 11 - QD 41",64020-200,86998516880|86994751160,soundfix17@gmail.com,,Manassés,,Áudio/Iluminação
proshows,2026-09-06,proshows-b305ddfed2,AED GUITAR EFFECTS,PR,Curitiba,Bom Retiro,"Rua Cláudio Manoel da Costa, 326",80520-590,41999854856,aedguitareffects@gmail.com,,Alexandre,,Valvulados
proshows,2026-09-06,proshows-320b5ecad5,CLAVE DE SOM,PR,Curitiba,Portão,"Rua Itajubá, 465",81070-190,41988885391|4133338620,contato@claveassistencia.com.br,,Agda,,Áudio
proshows,2026-09-06,proshows-8523376bc7,MS ASSISTÊNCIA,PR,Curitiba,Capão Raso,"Rua São Judas Tadeu, 252",81020-640,4132062129,ms.assistencia@yahoo.com,,Nicolas Alessandro,,Áudio/Iluminação
proshows,2026-09-06,proshows-f66c4088e4,SOM PRO ELETRÔNICA,PR,Curitiba,Centro,"Rua Lamenha Lins, 1130",80250-020,4133450221|41999125946,amusicaviva@hotmail.com,,Isaac,,Áudio/Iluminação
proshows,2026-09-06,proshows-5e5f237762,TECSCAN,PR,Curitiba,Novo Mundo,"Rua Laudelino Ferreira Lopes, 503 - Sala 03",81050-310,4132480569,tecscancuritiba@hotmail.com,,André,,Áudio/Iluminação
proshows,2026-09-06,proshows-8ccde7c338,JPJ ELETRONIC,PR,Guarapuava,Santa Cruz,"Rua Capitão Frederico Virmond, 3257",85015-260,42999114738,ge-ovane@live.com,,Geovane,,Áudio/Iluminação
proshows,2026-09-06,proshows-2ebb0ab412,ELETRÔNICA TECNOSHOP,PR,Londrina,Centro,"Rua Guaporé, 167",86026-010,4333245233|4330275233,tecnoshoplondrina@gmail.com,,Monica,,Áudio/Iluminação
proshows,2026-09-06,proshows-f4528e975e,OFICINA DO SOM,PR,Londrina,Centro,Rua Santa Catarina 271,86010-470,4333230694,oficinadosomlondrina@gmail.com,,Bruna,,Áudio/Iluminação
proshows,2026-09-06,proshows-6a34fdaba4,ROBERTO OGAMA,PR,Londrina,Lindóia,"Rua Faxinal, 187",86031-100,4330371182|4333255528,rkogama@hotmail.com,,Roberto,,Áudio/Iluminação
proshows,2026-09-06,proshows-d0a2a47332,VM TECH ELETRÔNICA LTDA.,PR,Maringá,Vila Marumby,"RUA BOTAFOGO, 918 - FUNDOS",87005-190,44984030551,gansoguitar@hotmail.com,,Eduardo,,Áudio
proshows,2026-09-06,proshows-a1590434c7,KIKO ZUBEK,PR,Ponta Grossa,Nova Russia,"RUA RIO DE JANEIRO, 752",84070-060,42999459862,kikozubek@hotmail.com,,,,Áudio/Lutheria
proshows,2026-09-06,proshows-1a5aa65990,MUSITEC ELETRÔNICA,RJ,Belford Roxo,Andrade de Araújo,"Travessa Sá Rego, 453",26140-550,2126672659|21985592625,musitec.assistencia@yahoo.com.br,,Jéssica,,
proshows,2026-09-06,proshows-1b059208e9,MIDITECH,RJ,Campos dos Goytacazes,Parque João Maria,"Rua Doutor João Maria, 91",28027-310,,miditech.garantia@gmail.com,,Mário Roberto,,Áudio/Iluminação/Valvulados
proshows,2026-09-06,proshows-d7a03ffdde,SWITCH MUSICAL,RJ,Duque de Caxias,Centro,"MARIANO SENDRA DOS SANTOS, 88",25010-080,2127838961,switchcaxias@yahoo.com.br,,Marcos Wendhausen,,Áudio/Valvulados
proshows,2026-09-06,proshows-32ca4c85de,TIME MUSIC,RJ,Itaboraí,Centro,"Avenida Raimundo de Farias, 166",24800-037,2120424270|21975021080,tonihiro@hotmail.com,,Toni,,Áudio/Iluminação
proshows,2026-09-06,proshows-f9a9d37e76,NITSOUND,RJ,Niterói,Santa Rosa,"Avenida Sete De Setembro, 340",24230-253,2127118414|21964131817,vinicius.gomes@nitsound.com.br,,Vinicius,,Áudio/Valvulados
proshows,2026-09-06,proshows-c15a729fda,MEGA SOM,RJ,Nova Friburgo,Centro,"Rua Mac-Niven, 04. Loja B",28613-220,2225228547|22992571016,megasomfri@gmail.com,,Gilson Pereira,,Áudio
proshows,2026-09-06,proshows-84baba79e9,ASSISTEC / NASASOM,RJ,Petrópolis,Centro,"PRAÇA DR. SÁ EARP, 40 - LOJA 03",25620-180,2422438562,paulonasaeletronica@yahoo.com.br,,Paulo César,,Áudio/Iluminação/Valvulados
proshows,2026-09-06,proshows-76aa9a5558,GENOS SOM,RJ,Rio de Janeiro,Ramos,"Rua Aureliano Lessa, 03",21031-825,2125615306,contato@genossom.com,,César,,Áudio/Valvulados/Iluminação
proshows,2026-09-06,proshows-97eb75ef6d,MECA FIX,RJ,Rio de Janeiro,Barra da Tijuca,"Avenida das Américas, 6700 - Bloco 1, Sala 211",22793-080,21988493576,fabio@mecafix.com.br,,Fabio,,Áudio
proshows,2026-09-06,proshows-5f60e624c0,ELETRÔNICA AMANDER SOM E IMAGEM,RJ,São Pedro da Aldeia,São João,"Rua Silvino Pacifico, 98",28942-886,2288196395,andersomeimagem@outlook.com,,Anderson,,Áudio
proshows,2026-09-06,proshows-607f286fb4,DOUTOR REPARO,RJ,Volta Redonda,Ponte Alta,"Rua Vereador Aldílio de Carvalho França, 230",27267-370,24974010878,dtr.reparo@gmail.com,,Victor,,Áudio/Iluminação/Valvulados
proshows,2026-09-06,proshows-907f760713,CONSERTEL,RN,Mossoró,Centro,"RUA JOSÉ DE ALENCAR, 151B - SALA 01",59600-190,8488314123|8433174344,pneu.service@hotmail.com,,Lucas,,Áudio
proshows,2026-09-06,proshows-651564df65,COELHO SERVICOS,RN,Natal,Alecrim,"RUA PRESIDENTE JOSE BENTO, 577",59037-060,84987516194,coelhoservaudio@gmail.com,,Anderson,,Áudio/Iluminação
proshows,2026-09-06,proshows-efe5091056,NEWS ÁUDIO E VÍDEO,RS,Bento Gonçalves,São Vedelino II,"Santos Dumont, 435",95707-354,54991091481,celularnews@uol.com.br,,Nerio,,Áudio/Valvulados
proshows,2026-09-06,proshows-dbe07c4788,DA ROCHA TECNOLOGIA,RS,Canoas,São José,"Rua Uruguai, 168",92420-340,5134751633,drtecnologia@drtecnologia.com.br,,Geison,,Áudio/Iluminação/Valvulados/Painel De Led
proshows,2026-09-06,proshows-3fd8ac9503,G.S.O EFFECTS LINE,RS,Canoas,Niterói,"Avenida Venâncio Aires, 1714",92110-000,5134755066,gsoeffectsline@outlook.com,,Beto,,Áudio/Iluminação/Valvulados
proshows,2026-09-06,proshows-834732faa0,OFICINA DO FRANCO LUTHIERIA,RS,Canoas,Igara III,"R. Das Andorinhas, 234",92412-222,51984366516,francomello14@gmail.com,,Franco,,Lutheria
proshows,2026-09-06,proshows-41db59090a,ELETRÔNICA LEAL,RS,Caxias do Sul,Centro,"Rua Visconde De Pelotas, 1176",95020-183,5432238422,assistec.leal@gmail.com,,Carlos,,Áudio/Valvulados
proshows,2026-09-06,proshows-b4d7ae0c12,CEGRA ELETRÔNICA,RS,Gravataí,Centro,"Avenida Dorival Cândido Luz De Oliveira, 489",94030-001,5130422830,eletronica.cegra@gmail.com,,Odair,,Áudio
proshows,2026-09-06,proshows-8eea579d44,MUSITEC,RS,Novo Hamburgo,Operário,"Rua Afonso Celso, 290",93315-200,5135271490|51991368164,eletronica_musitec@hotmail.com,,Paulo,,Áudio
proshows,2026-09-06,proshows-569d83c5e0,ELÉTRON ASSISTÊNCIA TÉCNICA,RS,Passo Fundo,Centro,"Rua Morom, 724",99010-030,54991557971,eletronrs@terra.com.br,,Carina,,Áudio/Iluminação
proshows,2026-09-06,proshows-8d0f286d53,NEW CONNECT,RS,Passo Fundo,Lucas Araujo,"AV. ASPIRANTE JENNER, 1375",99074-360,5430456982,nei@newconnect.inf.br,,Nei Mello,,Áudio/DJ/Iluminação
proshows,2026-09-06,proshows-1f5e224bba,DIGISOM,RS,Porto Alegre,Santa Maria Goretti,"Rua São Nicolau, 1093",91030-230,5133438142|51991419023,digisompoa@gmail.com,,Nádia,,Áudio/Valvulados
proshows,2026-09-06,proshows-71552f0a1a,DUOTEC,RS,Porto Alegre,Centro,"Rua Voluntários da Pátria, 595 - Loja 08",90030-000,51991590546,duotec01@gmail.com,,Pedro,,Valvulados
proshows,2026-09-06,proshows-e0f9cd874e,LINA SOM,RS,Porto Alegre,Navegantes,"Avenida Pernambuco, 2451",90240-005,5133881127,lina@linasom.com.br,,Roberto,,Áudio/Iluminação
proshows,2026-09-06,proshows-de58a5189b,PRIME PONTO ELETRÔNICO,RS,Santa Cruz do Sul,Centro,"Rua Venâncio Aires, 1070",96810-124,5199719657,primepontoeletronico@gmail.com,,Gerson,,Áudio/Iluminação
proshows,2026-09-06,proshows-ef78f4b721,J-TECH ELETRÔNICA,RS,Santa Rosa,Esplanada,"Rua Estrela Guia, 648",98787-264,55996222004,jean.dall@hotmail.com,,Jean Marcelo,,Áudio/Iluminação/Valvulados/Painel De Led/Luthieria
proshows,2026-09-06,proshows-ac88cd742a,JL ÁUDIO MANUTENÇÃO ELETRÔNICA,SC,Joinville,Bucarein,"Rua Dr Plácido Olímpio De Oliveira, 750 – Sala 1",89202-450,4734231287|47991968061,contato@jlaudioeletronica.com.br,,Jean Carlos,,Áudio/Iluminação/Valvulados
proshows,2026-09-06,proshows-d54edb9bb0,DECIBÉIS ELETRÔNICA,SC,Lages,São Miguel,"Rua João Francisco Veloso, 120",88525-040,49988764826,decibeiseletronica@yahoo.com.br,,Everson,,Áudio/Iluminação/Valvulados
proshows,2026-09-06,proshows-41dcaef73e,ELETRONICA BUSSOLO,SC,Orleans,Barro Preto,"RUA DORVALINO CECHINEL, 93",88870-000,48996669428,,,Matheus,,Áudio
proshows,2026-09-06,proshows-45d2a3de0a,ELETRÔNICA SCR,SC,São José,Areias,"Rua Progresso, 790-Sala 1 Ed. Evanir Jorgina Pere",88113-210,4830472664,eletronicascr@gmail.com,,Clóvis,,Áudio/Iluminação
proshows,2026-09-06,proshows-29d1e27f1f,J. ELETROMUSIC,SE,Aracajú,Grageru,"Rua Lourival Chagas, 465",49025-390,79999928181,j.eletromusic@gmail.com,,João Júnior,,Áudio/Iluminação/Luthier
proshows,2026-09-06,proshows-a85e0a7703,DANTAS SOM ASSISTÊNCIA TÉCNICA,SE,Itabaiana,Centro,"Rua Antônio Dultra, 1118",49500-151,7934316011|79998828456,dantas.assistencia@hotmail.com,,Mislaine,,Áudio/Iluminação/Painel De Led
proshows,2026-09-06,proshows-c2605b9bc3,ELETRÔNICA IPIRANGA,SP,Americana,Centro,"Rua Carioba, 223",13478-112,1934072547|19997084050,eletronicaipiranga@eletronicaipiranga.com.br,,Vanilce,,Áudio
proshows,2026-09-06,proshows-e0c367b201,ELETRÔNICA MORELLI,SP,Americana,Vila Jones,"Avenida Campos Salles, 382",13465-590,1936456190,eletronicamorelli@hotmail.com,,Gilmara,,Áudio/Iluminação
proshows,2026-09-06,proshows-8d1b0dcb2b,VISIONTECH ELETRÔNICA,SP,Birigui,Quemil,"Ermando Zin, 541",16202-237,1831900295,visiontech_eletronica@outlook.com,,Flávio,,Áudio/Iluminação
proshows,2026-09-06,proshows-30bac1fed8,ANÁLISE A,SP,Campinas,Jardim Dom Vieira,"Rua Dra. Silvia Ferreira de Barros, 53",13036-260,1940421082,contato@analisea.com.br,,Raissa,,Áudio/Iluminação
proshows,2026-09-06,proshows-114134e7dd,STA SOM,SP,Campinas,Jardim Conceição,"Avenida Carlos Grimaldi, 228",13091-000,1921216481|1932070430,sta.som@uol.com.br,,Santos,,Áudio/Valvulados
proshows,2026-09-06,proshows-86c6dc2699,ILUMITRONIC,SP,Carapicuíba,Vila Santa Terezinha,"Avenida Rui Barbosa, 1816",06311-001,1141841762|11998685837,ilumitronic@gmail.com,,Sergio,,Iluminação/Painel De Led
proshows,2026-09-06,proshows-c3f0bf06fb,PLUG AUDIO,SP,Franca,Centro,"RUA MARECHAL CAXIAS, 2705",14400-600,16992024605,plug_audio@hotmail.com,,Adriano,,Áudio/DJ/Iluminação/Painel de Led
proshows,2026-09-06,proshows-36d57e5b64,AUDIOTRON ASSISTÊNCIA,SP,Guarulhos,Jardim Pinhal,"Rua Ari Barroso, 198",07120-040,1127622020|11920020894,audiotron2015@gmail.com,,Joarez,,Áudio/Iluminação/DJ/Painel De Led
proshows,2026-09-06,proshows-e7e800b071,LEO ZANOTELLO,SP,Indaiatuba,Jardim Dom Bosco,"Rua Quinze de Novembro, 1777",13333-330,1938853549|19999299889,leozanotello@uol.com.br,,Elio,,Áudio/Iluminação/Valvulados
proshows,2026-09-06,proshows-65d7f32c73,FELTRONIC,SP,Jaú,Jardim Ferreira Dias,"Rua Dr. Ítalo Peccioli, 203",17209-690,1436227347|14997507347,feltronic@feltronic.com.br,,Feltrin,,Áudio/Valvulados
proshows,2026-09-06,proshows-bfa44cccd0,ELETRÔNICA SAI,SP,Jundiaí,Jardim Petrópolis,"Rua Bom Jesus de Pirapora, 1640",13207-605,1145875176|11950760063,eletronica@eletronicasai.com.br,,Roberval,,Áudio
proshows,2026-09-06,proshows-0442b2887d,ÚNICA ASSISTENCIA,SP,Lençóis Paulista,Jardim Ubirama,"RUA FERNAO DIAS PAES LEME, 449",18683-490,1432646439,unicaassistencia@hotmail.com,,Ronaldo,,Áudio/Iluminação
proshows,2026-09-06,proshows-10afd43cf0,ELETRÔNICA CNR,SP,Limeira,Vila Glória,"Rua Augusta, 261",13484-014,1934416084|19984160166,eletronicacnr@hotmail.com,,Carlos,,Áudio
proshows,2026-09-06,proshows-8dae45c70d,LABSOUND,SP,Lorena,São Roque,"Rua Capitão Leovigildo Areco, 644",12601-150,1231571524,atendimento@labsound.com.br,,Maria Inês,,Áudio/Iluminação
proshows,2026-09-06,proshows-39f5315add,MUSIC TEC,SP,Mogi das Cruzes,Centro,"Rua Barão de Jaceguai, 509 - Sala 82 - Ed. Atrium",08710-165,1147913867,musictecmogi@uol.com.br,,Odilon,,Áudio/Iluminação/Valvulados
proshows,2026-09-06,proshows-75ea2ae717,HARMONY SOUND,SP,Piracicaba,Jardim Alvorada,"RUA Janete Clair, 21",13425-690,1933716918|19996014588,harmonysoundme@gmail.com,,Jorge,,Áudio/Iluminação
proshows,2026-09-06,proshows-f4d1df10d1,AUDIOART,SP,Pirassununga,Centro,"Rua Siqueira Campos, 2351",13631-010,1935613403|19999378444,contato@audioartbr.com,,Maurício,,Áudio/Luthier
proshows,2026-09-06,proshows-d2831d1662,M&A TECNOLOGIA,SP,Ribeirão Preto,Campos Eliseos,"Rua Tamandaré, 1348",14085-070,1639791760|16981144950,meatecnologiaemusica@gmail.com,,Edmilson,,Áudio
proshows,2026-09-06,proshows-f6f65e9530,MUNDIAUDIO,SP,Ribeirão Preto,Campos Eliseos,"Rua Princesa Izabel, 616",14085-120,1639792939|1639792636|1639795354,gerson@newbox.com.br,,Gerson,,Áudio/Iluminação/Painel de Led
proshows,2026-09-06,proshows-2cd34112bd,FLY ÁUDIO SOLUTIONS,SP,São Bernardo do Campo,Rudge Ramos,"Rua Eula Herper Bowden, 74",09633-000,1139070900,comercial@flyas.com.br,,Raquel,,Áudio
proshows,2026-09-06,proshows-96686c0609,LITTLE WILL CURSOS E MANUTENÇÃO DE GAITAS,SP,São Caetano do Sul,Boa Vista,"Santo André, 379 - Ap 96",09572-000,11974314446,aulasdegaitablues@gmail.com,,Wellington,,Luthieria de Harmônicas
proshows,2026-09-06,proshows-610a0d3fef,A&R ASSISTÊNCIA TECN,SP,São Paulo,Vila Romana,"Rua Cerro Corá, 777",05061-150,1123626231|11974808962,contato@aerassistencia.com,,Rosiane,,Áudio
proshows,2026-09-06,proshows-295afdcf23,ABEID CUSTOM,SP,São Paulo,Vila Moinho Velho,"Rua do Reno, 159",04284-070,1120649498,omar@abeidcustom.com,,Omar,,Valvulados
proshows,2026-09-06,proshows-66239b855c,BETO SANFONEIRO,SP,São Paulo,Chácara Nani,"ESTRADA DO JARARAÚ, 1175",04943-120,,betosanfoneiro@hotmail.com,,Beto,,Luthier
proshows,2026-09-06,proshows-2e9a2e8cec,BRASIVOX,SP,São Paulo,Santa Ifigênia,"Rua Vitória, 140",01210-000,1133621944|1133621183,contato@brasivox.com.br,,Osmar,,Áudio/Valvulados/Painel De Led
proshows,2026-09-06,proshows-dbff5d37fb,EDMAR LUIGHI LUTHIERS,SP,São Paulo,Vila Moinho Ipiranga,"Rua Do Reno, 143",04284-070,1120635935|11982291277,atendimento@edmarluighi.com.br,,Edmar,,Lutheria
proshows,2026-09-06,proshows-78fdba1d8a,FPS – FIX PRO SERVICE,SP,São Paulo,Vila Leopoldina,"Rua Columbus, 171",05304-010,1149992380,fixproservice@fixproservice.com.br,,Thiago,,Áudio/Valvulados
proshows,2026-09-06,proshows-cba5fcead2,GAMBARU MANUTENÇÃO E COMÉRCIO DE EQUIPAMENTOS ELET,SP,São Paulo,Tucuruvi,"AVENIDA GUAPIRA, 2128/2140",02265-002,1122412427|11933142942,manuel.costa@gambaru.com.br,,Manuel,,Áudio
proshows,2026-09-06,proshows-e45f1a3766,GUERRA GUITARS,SP,São Paulo,Santana,"Rua Dr. Olavo Edigio, 56",02037-005,1129778785|11983570454,nivaldo.vgtek@gmail.com,,Nivaldo,,Áudio/Valvulados/Lutheria
proshows,2026-09-06,proshows-c237bca0d8,LIVE SOUND,SP,São Paulo,Santa Ifigênia,"Rua dos Gusmões, 353 - CJ 43",01212-001,1133374362|1133374222,osvaldo@livesound.com.br,,Osvaldo,,Áudio
proshows,2026-09-06,proshows-9e1d002879,MATUSA SERVICE CENTER,SP,São Paulo,Pinheiros,"RUA TEODORO SAMPAIO, 763",05405-050,1136664593,amplificadoresmatusa@hotmail.com,,Remo Bruno,,Áudio/Valvulados
proshows,2026-09-06,proshows-2beb002424,MUSIC BRAZ,SP,São Paulo,Perdizes,"Rua Salto Grande, 297",01257-020,11999021218|1138684688,musicbraz@hotmail.com,,Ricardo,,Áudio/Valvulados
proshows,2026-09-06,proshows-99e3100100,OMNI ÁUDIO,SP,São Paulo,Água Rasa,"Pereira Jácome, 11",03181-080,1128761658|11981068581,menani@omniaudio.com.br,,Antônio,,Áudio/Valvulados
proshows,2026-09-06,proshows-d57c7bc219,TATA MANUTENÇÃO,SP,São Paulo,Pinheiros,"RUA TEODORO SAMPAIO, 852",05406-000,1130640085,lucianolimasopro@yahoo.com.br,,Luciano,,Instrumentos de Sopro
proshows,2026-09-06,proshows-24309b1be9,TECTRONICA,SP,São Paulo,Jardim São Paulo (Zona Norte),"Rua Carlos Camargo Aranha, 12",02039-090,1129711641|11956061360,atendimento@tectronica.com.br,,Jose Carlos,,Áudio/Lutheria
proshows,2026-09-06,proshows-dca78bcc1e,UTOPIK ÁUDIO,SP,São Paulo,Sumaré,"AVENIDA DOUTOR ARNALDO, 2333",01255-000,11971841313,utopik.audio@gmail.com,,Guilherme,,Áudio
proshows,2026-09-06,proshows-24806bb1d7,HITEC ÁUDIO SERVICE,SP,Taubaté,Centro,"Avenida Juscelino Kubitschek de Oliveira, 238",12010-600,12991959820|1236321127,hitecaudio@hitecaudio.com.br,,Ricardo,,Áudio
proshows,2026-09-06,proshows-04314d8e00,POWERTEC,TO,Colmeia,Centro,"Avenida Guaraí, 1265",77725-000,6334571968|63985126211,claudenytec@hotmail.com,,Claudeny,,Áudio/Iluminação
proshows,2026-09-06,proshows-5cdc389c1f,ELETRÔNICA CONCORD,TO,Palmas,Plano diretor norte,"Rua NE 05, 20 - QD 104 Norte",77006-020,6399885522|6332151337,e.concord@yahoo.com.br,,Fagno,,Áudio/Iluminação
roland,2026-09-06,roland-c76592ae50,HI FI ELETRÔNICA,AL,Maceió,,"Rua Quedes Gondim, 278 - Centro",57020-260,8233265102,hifieletronic@uol.com.br,,,,
roland,2026-09-06,roland-61a3ee5f26,SÍNTESE ELETRÔNICA,AL,Maceió,,"Av. Júlio Marques Luz, 1315 A - Jatiúca",57035-700,8232352246,sinteseeletronica@hotmail.com,,,,
roland,2026-09-06,roland-d456e4ff3f,ATSE,AM,Manaus,,"Av. Constantino Nery, 289 - Centro",69010-160,9232326188,atse_assistencia@hotmail.com,,,,
roland,2026-09-06,roland-3ff7db36d7,DF ELETRÔNICA,BA,Alagoinha,,"Rua Santos Antonio, 04 - Teresópolis",48080-130,7534219957,dilson.passos@ig.com.br,,,,
roland,2026-09-06,roland-5bd27d37e5,PANATEC,BA,Feira de Santana,,"Rua Cristóvão Barreto, 351 - Serraria Brasil",44003-127,7532237885,panatec2010@ig.com.br,,,,
roland,2026-09-06,roland-b5ad924f3d,SINAL ELETRÔNICA,BA,Itabuna,,"Av. Princesa Isabel, 935 - São Caetano",45607-000,7336135835,sinal_sinal@hotmail.com,,,,
roland,2026-09-06,roland-663010e690,DIGITAL ELETRÔNICA,BA,Salvador,,"Rua Jaracatiá, 1048, Lj H e R, Centro Comercial Caminho das Árvores - Caminho das Árvores",41820-665,7134511234,digitaleletronic@uol.com.br,,,,
roland,2026-09-06,roland-eb7d094810,PLAYMUSIC ASSISTÊNCIA TÉCNICA,BA,Salvador,,"Av. Vale do Tororó 98, sala 108 - Tororó",40050-290,7132415999,playmusic-ba@hotmail.com,,,,
roland,2026-09-06,roland-d375697e53,ELETRÔNICA ITASOM,CE,Fortaleza,,"Av. Padre Ibiapina, 1365",60010-690,8532231856,itasomtecnica@hotmail.com,,,,
roland,2026-09-06,roland-d914e27121,LUTHITEC,CE,Fortaleza,,"Rua Nogueira Acioli, 1400 – Centro",60110-140,8530161123,luthitec@gmail.com,,,,
roland,2026-09-06,roland-8e5f086d3f,MUSITRON ELETRÔNICA LTDA,DF,Brasília,,ADE - Conjunto 09 - Lote 21 - Águas Claras,71986-360,6134045520,atendimento@musitron.com.br,,,,
roland,2026-09-06,roland-df54cacf21,SHARCOLOR ELETRÔNICA LTDA,ES,Vitória,,"Av. Marechal Mascarenhas de Morais, 2573 - Bento Ferreira Fax:",29050-667,2732274575|2733243931,sharcolor@uol.com.br,,,,
roland,2026-09-06,roland-67c25d8b09,H.E SERVIÇOS ELETRÔNICOS,GO,Goiânia,,"Rua Corumbá, 140 - Campinas » site",74523-410,6232911138,sac@heservice.com.br,,,,
roland,2026-09-06,roland-9e9277b62c,RONALD SERVICE ELETRÔNICA,MA,Imperatriz,,"Rua Leôncio Pires Dourado, 1913 - Bacuri",65901-020,9935266362,ronaldgeria@ig.com.br,,,,
roland,2026-09-06,roland-903d093193,SILVATEC ASSISTÊNCIA TÉCNICA,MA,São Luís,,"Rua do Alecrim, 352 - Centro",65010-040,9832325685,silvateck@oi.com.br,,,,
roland,2026-09-06,roland-7b5c7b8a84,JV ELETRÔNICA,MG,Belo Horizonte,,"Rua Padre Eustaquio, 1620 - Carlos Prates / 2555 -0928",30710-580,3132010528,eletronicajv.bh@hotmail.com,,,,
roland,2026-09-06,roland-8a97df840a,TELEVISOM,MG,Juiz de Fora,,"Rua, Antônio dias Tostes número,518 Bairro Granbery, Juiz de Fora – Minas Gerais",36010-370,3232136742,,,,,
roland,2026-09-06,roland-3d5d8fc222,AUDIOTECH,MG,Montes Claros,,"Rua Jaguaribe, 272 – Alto São João – Montes Claros – Minas Gerais",39400-313,3832142192,,,,,
roland,2026-09-06,roland-d068cd59d7,MARCOS ASSISTÊNCIA TÉCNICA,MG,Uberlândia,,"Rua Cruzeiro Dos Peixotos, 190 - Aparecida",38400-107,3432350798,mattecnica@hotmail.com,,,,
roland,2026-09-06,roland-8cbd573459,VIP ELETRÔNICA,MS,Campo Grande,,"Rua Antônio Maria Coelho, 1966 - Centro",79002-220,6730252244,vip_eletronica@hotmail.com,,,,
roland,2026-09-06,roland-a27884b9a3,SIGMA ELETRÔNICA,MT,Cuiabá,,"Rua das Orquídeas, 600 - Bosque da Saúde",78050-080,6530232262,sigmacba@terra.com.br,,,,
roland,2026-09-06,roland-ff0b3abc5e,RC ÁUDIO & ELETRÔNICA,PA,Barcarena,,"RUA EFESIOS, BOA VISTA SN VILA DOS CABANOS",68447-000,91993323958,rcaudioeeletronica@outlook.com,,,,
roland,2026-09-06,roland-b00f0c871d,CORUJÃO ELETRÔNICA,PB,João Pessoa,,"Av. Expedicionários, 100 - sala 105 - Expedicionários » site",58041-010,,marconi@corujao.net,,,,
roland,2026-09-06,roland-651504c8d9,CPTEC,PE,Recife,,"Rua João Fernandes Vieira, 574 SL 403 - Boa Vista",50050-200,8134222038,cpetec@cpeteconline.com.br,,,,
roland,2026-09-06,roland-9e7ff64834,VÍDEO TÉCNICA ELETRÔNICA LTDA,PE,Recife,,"Rua Quarenta e Oito, Nº 525 Espinheiro - Recife - PE",52020-060,8132417126,rubem_santos@hotmail.com,,,,
roland,2026-09-06,roland-2fb8a5100c,ACCORD MUSIC,PI,Teresina,,"Rua Primeiro de Maio, 875, Marquês de Paranaguá, Teresina, Piauí",64002-510,86999989419,,,,,
roland,2026-09-06,roland-196abc79aa,AUDIO LASER,PR,Curitiba,,"Rua Blaise Pascal, Nº 124 - Abranches - Curitiba/PR",82220-230,4130273200,email@laserassistencia.com.br,https://www.laserassistencia.com.br,,,
roland,2026-09-06,roland-b5aa08ce8a,ELETRÔNICA HIGHTEC,PR,Londrina,,"Av. Maringá, 2053 - Jardim Quebec",86062-650,4333281805,hightec@sercomtel.com.br,,,,
roland,2026-09-06,roland-3203536b5a,POWER TECH ELETRÔNICA,PR,Maringá,,"Av: Herval, 698, Fundos - Centro",87013-110,4432224618|4430255977,azauri@hotmail.com,,,,
roland,2026-09-06,roland-f0b5565cc0,MIDITECH MAN. EM ÁUDIO PROFESSIONAL E INSTRUMENTOS MUSICAIS,RJ,Campo dos Goytacazes,,"Rua José Evaldo Carneiro da Sivla, 13 – Loja 07 – Centro",28010-520,2230150241,miditech@censanet.com.br,,,,
roland,2026-09-06,roland-b5bdc99d05,SWITCH MUSICAL ÁUDIO,RJ,Duque de Caxias,,"Rua Wallace Soares ( Antiga Almirante Barroso), Nº 80, Sala 601 - Shopping do Músico, Centro- Duque de Caxias",25010-010,2127838961,switchcaxias@yahoo.com.br,,,,
roland,2026-09-06,roland-85732909f7,BIG SYSTEM,RJ,Jacarepaguá,,"Estrada do Gabinal, 979, Freguesia (Jacarepaguá), Rio de Janeiro - RJ",22760-151,2132810413|21992117909,contato@bigsystem.com.br,,,,
roland,2026-09-06,roland-0052d37ff9,NITSOUND,RJ,Niterói,,"Avenida Sete de Setembro, 340 – Icarai, Niterói/RJ",24230-253,2127055555,,,,,
roland,2026-09-06,roland-9acb5062c1,MEGA SOM,RJ,Nova Friburgo,,"Rua Mac Niven, 04 LJ B - Centro",28613-220,2225228547,msfel@ig.com.br,,,,
roland,2026-09-06,roland-659b464975,TECNOSEG,RJ,Rio de Janeiro,,"R. Costa Filho, Nº 60 - Marechal Hermes",21610-500,2125899317,tomazcoy@hotmail.com,,,,
roland,2026-09-06,roland-56964ed5f1,VÍDEO LIFE,RJ,Rio de Janeiro,,"Estrada Da Gavea, 847 - São Conrado",22610-001,2133222695,videolife2000@hotmail.com,https://www.videolife-rj.com.br,,,
roland,2026-09-06,roland-f02dbce698,ASSISTTEC,RN,Candelaria,,"Endereço: Avenida Prudente de Morais, 6375, Candelaria - RN",59065-500,8432060872,assisttecnatal@gmail.com,,,,
roland,2026-09-06,roland-7319d50a91,HTEC COMÉRCIO E SERVIÇOS,RN,Natal,,"Av. Prudente De Morais, 6478 - Candelária",59065-500,8420208080,flaviohtec@gmail.com,,,,
roland,2026-09-06,roland-c26a96c04d,HOME IMPORTS,RO,Porto Velho,,"Rua João Goulart, Nº 2081, São Cristóvão, Porto Velho – Rondônia",76894-034,6984229090|6992328699,assistenciatecnicacameras@gmail.com,,,,
roland,2026-09-06,roland-4e54f11f48,CEGRA ELETRÔNICA,RS,Gravataí,,"Av.Dorival Cândido Luz de Oliveira, 489 - Centro",,5130422830,cegrars@yahoo.com.br,,,,
roland,2026-09-06,roland-9344f3b4a3,CLIMASTER,RS,Gravataí,,"Av. Ângelo Bolsom, 430 - Duque de Caixias",97070-000,5530257963,veni2k2@hotmail.com,,,,
roland,2026-09-06,roland-96252c3fed,DIGISOM ELETRÔNICA LTDA,RS,Porto Alegre,,"Rua São Nicolau, 1093 - Bairro Santa Maria Goretti - Porto Alegre - RS",91030-230,5133438142,digisompoa@gmail.com,,,,
roland,2026-09-06,roland-67eb909a62,CMM ELETRÔNICA,SC,Balneário Camboriú,,"Rua 990 (novecentos e noventa), 390 - Sala 1, Edifício JS, centro.",88330-572,4733676768,cmmeletronica1995@gmail.com,,,,
roland,2026-09-06,roland-9e1d0a2500,VIDEOVOX ELETRONICA E INFORMATICA LTDA,SC,Criciúma,,"Rua João Pessoa, N° 711 CENTRO – Criciúma (48)9 9663-9267 (48)9 9973-7065",88801-530,4834333088,videovoxeletronica@hotmail.com,,,,
roland,2026-09-06,roland-f207f4b4c0,ELETRÔNICA ALFA,SC,Itajaí,,"Rua Gaspar, 237 - São Judas",88303-320,4733491716,eletronicaalfa1@hotmail.com,,,,
roland,2026-09-06,roland-497684fd5f,JL AUDIO MANUTENÇÃO ELETRÔNICA,SC,Joinville,,"Rua Doutor Placido Olimpo de Oliveira, 750 - Bucarein",89202-450,4734231287,contato@jlaudioeletronica.com.br,,,,
roland,2026-09-06,roland-1554108b1e,EV2 ELETROELETRÔNICA LTDA - DIGISOM SC,SC,São José,,"Rua Ana Orlandina Maciel, 251 - Centro",88103-120,4832254347|48988552892,ev2.service.sc@gmail.com,,,,
roland,2026-09-06,roland-76f5fd1db2,ELETRÔNICA NACIONAL,SE,Aracajú,,"Rua Carlos Correia, 569 - Siqueira Campos",49075-160,7932144789,eric@eletronicanacional.com.br,https://www.eletronicanacional.com.br,,,
roland,2026-09-06,roland-96b13059ac,DIGITAL ÁUDIO MUSIC,SP,Campinas,,"Rua Orlando Carpino, 65 - Chapadão",13070-143,1935794520,contato@digitalaudiomusic.com.br,https://www.digitalaudiomusic.com.br,,,
roland,2026-09-06,roland-f6d6009fe9,AUDIO MACHINE,SP,Itapevi,,"R Benedito Dias Siqueira, Nº170 Jardim Da Rainha - Itapevi",06656-540,11971021351,,,,,
roland,2026-09-06,roland-9792618c19,FELTRONIC,SP,Jaú,,Rua Doutor Ítalo Peccioli - Jd. Ferreira Dias,17209-690,1436227347,feltronic@feltronic.com.br,https://www.feltronic.com.br,,,
roland,2026-09-06,roland-d9569aafef,ELETRÔNICA SAI LTDA,SP,Jundiaí,,"R. Bom Jesus de Pirapora, 1640 - Bonfiglioli » site",13207-661,1145875176|11950760063,eletronica@eletronicasai.com.br,,,,
roland,2026-09-06,roland-8b68e290d0,MATUSA SERVICE CENTER,SP,Lapa,,"Endereço: R Guaricanga, 493, Lapa – São Paulo",05075-030,1136664593,amplificadoresmatusa@gmail.com,,,,
roland,2026-09-06,roland-4201085b06,MUSITEC,SP,Mogi das Cruzes,,"Rua Barão de Jaceguai, 509 - Andar 8 Sala 82 Centro",08710-165,1147913867,musictecmogi@uol.com.br,https://www.musictec.com.br,,,
roland,2026-09-06,roland-2ee7299508,MATUSA SERVICE CENTER,SP,Pinheiros,,Endereço: Teodoro Sampaio 763 Loja 10 - Pinheiros - São Paulo - SP,05405-050,1133846385,amplificadoresmatusa@gmail.com,,,,
roland,2026-09-06,roland-36fc06e878,ESTAÇÃO ACÚSTICA STUDIO,SP,Praia Grande,,Rua Plínio Salgado nº49 - Tude Bastos - Praia Grande -SP,11724-060,1333029000,gerente.acustica@outlook.com.br,,,,
roland,2026-09-06,roland-c8cb2931a0,ELETRÔNICA GILDA,SP,Santo André,,"Av. Higienópolis, 236 - Vila Gilda",09190-360,1149901555,eletronicagilda@gmail.com,,,,
roland,2026-09-06,roland-27d43c9436,PRO ÁUDIO - GUILHERME WERNECK REGINA ME,SP,São Bernardo do Campo,,"Rua Vinte e um de Abril, 416 - Rudge Ramos » site",09625-040,1141773550,proaudyo@gmail.com,,,,
roland,2026-09-06,roland-1319ed761a,HOME PRIME ELETRÔNICA,SP,São Paulo,,"Calçada das margaridas, 306 - Alphaville",06453-038,1141917420,contato@homeprimeeletronica.com.br,,,,
roland,2026-09-06,roland-0846546f33,M & A MUSICA LTDA,SP,São Paulo,,"Rua Tamandare, Nº1348 - Campos Eliseos - Ribeirão Preto",14085-070,1639791760,meatecnologiaemusica@gmail.com,,,,
roland,2026-09-06,roland-2e2aa1d710,TECMUSIC SERVIÇOS EM APARELHOS ELETRÔNICOS ME,SP,São Paulo,,"Rua Lacedemônia, 88 – Jardim Aeroporto (Zona Sul) » site",04634-020,1150313472,service@tecmusic.com.br,,,,
roland,2026-09-06,roland-be8433c847,TG ELETRÔNICA,SP,São Paulo,,"Rua Toledo Barbosa, 601 - Belém » site",03061-000,1122915038,tgeletronica@terra.com.br,,,,
roland,2026-09-06,roland-9640eba395,VSA - ASSISTÊNCIA TÉCNICA,SP,São Paulo,,"R. Saguairu, 1106 - Casa Verde » site",02514-000,1138577442,atendimento@vsatec.com,,,,
roland,2026-09-06,roland-41c0cd76d3,HITEC ÁUDIO SERVICE,SP,Taubaté,,"Av. Juscelino Kubitscheck de Oliveira, 238 – Jardim Eulália (Centro) » site",12010-600,1236321127|1236293297,contato@hitecaudio.com.br,,,,
roland,2026-09-06,roland-576928cda8,GIGANTEL ELETRÔNICA & TELECOMUNICAÇÕES,TO,Aragaína,,"Av. Tocantins, 727 - Setor Central",77818-550,63984711137,marcilene.gigantel@bol.com.br,,,,
sonotec,2026-09-06,sonotec-fdccfe9ead,FR Luthieria,AC,Rio Branco,,"Avenida Nações Unidas, 918 - Bosque",,68999373343,feliperocha.guitar@gmail.com,,,,
sonotec,2026-09-06,sonotec-1a8347023b,Luthier Marcio Costa,AM,Manaus,,"Rua Monsenhor Coutinho, 267 - Centro",,92991471931|92982384753,luthiermarcio@yahoo.com.br,,,,
sonotec,2026-09-06,sonotec-3306ad8899,Elinelson Almeida - Luthier,AP,Macapá,,"Av. Teresa Maciel Tavares, 212 - Muca",,9691119294,nelson_barone@hotmail.com,,,,
sonotec,2026-09-06,sonotec-299843868e,DF Eletrônica e Luthieria,BA,Alagoinhas,,"R. Santo Antônio, 04 - Teresópolis",,7531814947,df.eletronica2@gmail.com,,,,
sonotec,2026-09-06,sonotec-d8c6196154,AM Custom (Luthier),BA,Salvador,,Avenida Dorival Caymmi 14307 - Bahia Shopping sala 107/108 - Itapuã,,71994108573,am_custom@outlook.com,,,,
sonotec,2026-09-06,sonotec-8d6c7662ed,Rocha Luthieria,BA,Santo Antônio de Jesus,,"Rua Conselheiro Urcisino Pinto de Queiroz, 74 B, Andar 1 - Centro",,75998378708,alexmatos@hotmail.com,,,,
sonotec,2026-09-06,sonotec-beff3d0c1a,Admilson Luthier,CE,Cascavel,,"R. Siqueira Campo, 2236 - Country",,4530372153,mi.f.barbosa@hotmail.com,,,,
sonotec,2026-09-06,sonotec-bb6871fecd,Luteria Assis e Leiliane,CE,Fortaleza,,"Rua Pedro Pereira, 1378 - Centro",,85992692230,assisgroove@hotmail.com,,,,
sonotec,2026-09-06,sonotec-155f578e90,Luthitec,CE,Fortaleza,,"Rua Senador Pompeu, 1265 - Centro",,8530161123,luthitec@gmail.com,,,,
sonotec,2026-09-06,sonotec-d2b0949cf8,Shekinah Music (Áudio e Eletrônicos),CE,Fortaleza,,"Rua Pedro Pereira, 753 - Centro",,8530237693|8585212491,shekinahml2023@hotmail.com,,,,
sonotec,2026-09-06,sonotec-ce3ec2f925,SO Máquinas,CE,Fortaleza,,"Rua Liberato Barroso,793 - Centro",,8532315774,marcialima793@gmail.com,,,,
sonotec,2026-09-06,sonotec-161171d9ad,DSom Luthieria,DF,Brasília,,"Ed CSB 5 lote 4, 1106 - Apto 1106 Edifício Tainah Bairro Taguatinga Sul Responsável: Dhiego Rhuan",,61991284809,contato.dsom@gmail.com,,,,
sonotec,2026-09-06,sonotec-025c4118cc,Ronan Braga Luthieria,DF,Brasília,,"Q QND 27, S/N, LOTE 05 - SALA 205 - Taguatinga Norte",,6135857329,ronan.braga.vendas@gmail.com,,,,
sonotec,2026-09-06,sonotec-1df6455ea7,R R Custom (Luthieria),ES,Serra,,"Avenida Eucalipto, 116 - Vista Da Serra II Responsável: Ronyvaldo Fernandes",,2732517153|27998714351,ronyvaldo@ymail.com,,,,
sonotec,2026-09-06,sonotec-3b4a9deeea,Vector Luthieria,ES,Serra,,"Rua Casimiro de Abreu, 310 - Loja 01 - Parque Residencial Laranjeiras",,27998292091,vectorluthieria@gmail.com,,,,
sonotec,2026-09-06,sonotec-3946e3119a,Consertec Eletro-Eletrônica (Áudio e Microfone),ES,Vitória,,"Av. Manoel Marques, 162 - Loja 1 - 1 e 2 Andar - São Cristovão 3207-2262",,2733175962,consertec_@hotmail.com,,,,
sonotec,2026-09-06,sonotec-e602be193d,Sharcolor Eletrônica (Áudio e Microfone),ES,Vitória,,"Av. Marechal Mascarenhas De Moraes, 2577 - Bento Ferreira",,2733243931|27988800231,sharcolor@uol.com.br,,,,
sonotec,2026-09-06,sonotec-9f8ac763fe,Vercin Instrumentos (Luthieria),ES,Vitória,,"Rua Fortunato Ramos, 400 - Santa Lucia",,27996231537,vercin.assistencia@gmail.com,,,,
sonotec,2026-09-06,sonotec-f1dd0be7f1,Eletrônica Master Som (Áudio e Microfone),GO,Goiânia,,"Av. Mangalo, S/N QD 22 Lote 02 Casa 02 - Setor Morada do Sol 985267194",35171-400,6235171400,eletronicamastersom@hotmail.com,,,,
sonotec,2026-09-06,sonotec-602a0322da,Gyn Guitar Tech Luthieria,GO,Goiânia,,"Rua Rio Verde, 1297 - Setor Campinas",,6232935956,gynguitartech@gmail.com,,,,
sonotec,2026-09-06,sonotec-286f368ed2,Harmonia Assistência (Luthieria),GO,Goiânia,,"Rua 8, 616 Quadra 11 Lote 78 - Setor Central",,6236389800|62985352345,harmoniaoficina@gmail.com,,,,
sonotec,2026-09-06,sonotec-3c522b1975,S.O.S Light Manutenção e Reparos (Áudio e Microfones),GO,Goiânia,,"Alameda Guimarães Natal, 749 - Quadra 16, Lote 4, Casa 01",,6236423839|62983300100,soslighting@gmail.com,,,,
sonotec,2026-09-06,sonotec-713f5be864,Rodrigo Luthier,MA,São Luís,,"Rua Projetada, 444 - Cond. Solar das Hortênsias - Bloco h2 - Apto 207 - São Bernardo",,9832393514|98981827019,rodrigoluthieria@gmail.com,,,,
sonotec,2026-09-06,sonotec-653b720375,ACS Instrumentos Musicais (Luthieria),MG,Belo Horizonte,,"Rua Conselheiro Lafaiete, 31 - Floresta",,3132452858,guitarpointbh@gmail.com,,,,
sonotec,2026-09-06,sonotec-d3b3c21464,Musicalista Comercio e Serviços de Luthieria,MG,Belo Horizonte,,"Rua Padre Pedro Pinto, 2970, 1 e 2 Andar - Venda Nova",,3130215065|3130334851,compras@musicalista.com.br,,,,
sonotec,2026-09-06,sonotec-bad3c93712,Pernilongo Musical (Luthieria),MG,Belo Horizonte,,"Avenida Cristiano Machado, 640 - Sala 507 - Sagrada Família",,31988505395,guilhermeluthier@gmail.com,,,,
sonotec,2026-09-06,sonotec-5619c02c2a,Duetronica (Áudio e microfone),MG,Betim,,"Avenida Bandeirantes, 419 - Chácara",,3125721032,duetronica@gmail.com,,,,
sonotec,2026-09-06,sonotec-e994fac08f,Paulinho Luthier,MG,Betim,,"Av. Bandeirantes, 519 - Chácara",,31991134704,pirrik@hotmail.com,,,,
sonotec,2026-09-06,sonotec-5dc94c538a,Souzza Guitar Luthier,MG,Bom Despacho,,"Rua Cel. Gustavo Lopes Cancado, 237 fundos - Nossa Sra. de Fátima",,37999498413,scemstress@hotmail.com,,,,
sonotec,2026-09-06,sonotec-5ae5605e2e,Revisão Eletrônica (Áudio e Microfone),MG,Conselheiro Lafaiete,,"Rua Dom Silverio, 89",,31984947659|3139397659,andywillians89@gmail.com,,,,
sonotec,2026-09-06,sonotec-aaafa39e00,Eletrônica Gontijo (Áudio e Microfone),MG,Contagem,,"Av. Cantagalo, 165 - Novo Riacho",,3130114646,eletronicagontijo@gmail.com,,,,
sonotec,2026-09-06,sonotec-cc4f328247,Retoque Shop Guitar (Luthieria),MG,Governador Valadares,,"Av. Afonso Pena, 3212 - Centro",,3398004533,retoqueconsertosgv@hotmail.com,,,,
sonotec,2026-09-06,sonotec-dd4a6dd978,Tiago Eletrônica (Áudio e Microfones),MG,Governador Valadares,,"Rua Cento e Quatro, 98 - Azteca",,33999976086,tiagofrancisco2550@gmail.com,,,,
sonotec,2026-09-06,sonotec-c4b9afd198,Luthier Flowers,MG,Pará de Minas,,"Av. Alano Melgaco, 686 Fundos - Centro 99917-8041",,3732326473,denio_josedasilva@yahoo.com.br,,,,
sonotec,2026-09-06,sonotec-e53b1d3fe1,Ebrom Luthier,MG,Patos de Minas,,"Rua Maranhão, 556 - Lagoa Grande",,34996928124,alexebrom@yahoo.com.br,,,,
sonotec,2026-09-06,sonotec-3db93df1dd,Eletrônica Infinity (Áudio e Microfones),MG,Santa Luzia,,"Avenida Ásia, 323 - Baronesa São Benedito",,31984407713,titoim.labo.more@gmail.com,,,,
sonotec,2026-09-06,sonotec-8b00383bca,Walter Luthier,MG,São João del Rei,,"Rua Batista Andrade, 52 - Sao Geraldo",,32988371602|32984043138,waltinholuthier@gmail.com,,,,
sonotec,2026-09-06,sonotec-c4f0b2a9f2,Audio Eletrônica (Áudio e Microfone),MG,Sete Lagoas,,"Avenida Antônio Olinto, 786 - Centro",,3137716217|31982597516,robsonaguiarx@hotmail.com,,,,
sonotec,2026-09-06,sonotec-b3f8c3d158,Walter Luthier,MG,Tabuleiro,,"Praca Coronel Joao Floriano, 116 - Centro",,32988371602|32984043138,waltinholuthier@gmail.com,,,,
sonotec,2026-09-06,sonotec-2c1f6c24d4,Equip Center (Áudio e Microfone),MG,Uberaba,,"Rua Teófilo Otoni, 185 - São Benedito",,3433160846,equipcenter@equipcenter.tv,,,,
sonotec,2026-09-06,sonotec-4b49a16b50,LP Luthieria,MG,Uberlândia,,"Rua Octávio Antônio de Oliveira,167 - Nova Uberlândia",,34984136966,jpluthieria@gmail.com,,,,
sonotec,2026-09-06,sonotec-e002f10774,Eletrônica Vip,MS,Campo Grande,,"Rua Antônio Maria Coelho, 1966 - Centro",,6730252244|67992091085,vip_eletronica@hotmail.com,,,,
sonotec,2026-09-06,sonotec-e1700b4055,OC Luthieria,MS,Campo Grande,,"Rua Americo Brasiliense, 1881 - Santo Amaro",,6733629970|67984119515,ocluthieria@yahoo.com.br,,,,
sonotec,2026-09-06,sonotec-d573f62224,Siatec Eletrônica (Áudio e Microfone),MS,Campo Grande,,"Rua Iemem, 363 - Residencial Mario Covas",,6733494932|6733871203|67999505569,siatec.eletronica@uol.com.br,,,,
sonotec,2026-09-06,sonotec-93d476fdb5,Eletrônica Central Técnica,MT,Cuiabá,,"Rua Cândido Mariano, 18 - Centro Norte",,6533594900,centraltecnicamt@gmail.com,,,,
sonotec,2026-09-06,sonotec-9988736ccd,Wake Up Luthieria,PA,Parauapebas,,"Rua A, 584 Entre as ruas 9 e 10 - Cidade Nova",,94981256274|9433462104,wakeupmusic.adm@gmail.com,,,,
sonotec,2026-09-06,sonotec-748f8c07d2,Ferreira Luthier,PA,Tucuruí,,"R Sao Joao, 217 - Goes Calmont 9148-1631",,9481439190,adrianoluthier@bol.com.br,,,,
sonotec,2026-09-06,sonotec-b9b98eb07c,MD Studio (Luthieria),PE,Caruaru,,"Rua Vidal de Negreiros, 17 - Nossa Senhora das Dores",,81981887862,mdedinho@hotmail.com,,,,
sonotec,2026-09-06,sonotec-98faf18768,Universo da Corda Luthieria,PE,Palmares,,"R. Antonio Meira da Silva, 99 - Nova Palmares",,81996978224,universodascordas@gmail.com,,,,
sonotec,2026-09-06,sonotec-a546b1fa60,Sound Master Assistência Técnica (Áudio e Microfone),PE,Recife,,"R. Marques do Herval, 166 - Santo Antônio 98333-8687",,8132246843,ingrid.mike@hotmail.com,,,,
sonotec,2026-09-06,sonotec-cf43ffe68c,Sound Fix (Áudio e Microfone),PI,Teresina,,"Rua General João Henrique Gaioso, nº 11, Quadra 41 casa 11 - Saci",,86999779768|86994751160,soundfix17@gmail.com,,,,
sonotec,2026-09-06,sonotec-db4ec79d52,A F Barbosa Luthieria,PR,Cascavel,,"Rua Siqueira Campos, 2236 - São Cristóvão - Casa 2",,45998023516,contato@miluthieria.com,,,,
sonotec,2026-09-06,sonotec-40a53eb425,C H S PAULO LTDA – MULTSOM (Luthieria),PR,Cianorte,,"Avenida Maranhão, 42 - Letra B - Zona 01",,44999351204|4433519324,henriquecelsocia@hotmail.com,,,,
sonotec,2026-09-06,sonotec-ef877406ae,Clave De Som (Áudio e Microfone),PR,Curitiba,,"Rua Itajubá, 465 - Portão",,4133338620|41988885391,contato@claveassistencia.com.br,,,,
sonotec,2026-09-06,sonotec-22cc6cae1e,Eletrônica Tecnoshop (Áudio e Microfone),PR,Londrina,,"R. Guaporé, 167 - Sala 1-2 - Centro",,4333245233|4330275233,tecnoshoplondrina@gmail.com,,,,
sonotec,2026-09-06,sonotec-f9bed264ce,Corrado Store Luthieria,PR,Maringá,,"Avenida Pedro Taques, 1388 - Jardim Alvorada",,44999807893,vinicius@corrado.com.br,,,,
sonotec,2026-09-06,sonotec-9f3107a11f,Kiko Zubek Consertos e Manutenções (Luthieria),PR,Ponta Grossa,,"Rua Rio de Janeiro, 752 - Nova Russia",,42999459862,kikozubek@hotmail.com,,,,
sonotec,2026-09-06,sonotec-5a984b6d21,Gabriel Carvalho Luthieria,PR,Santo Antônio da Platina,,"Rua José Joaquim Magalhães, 146 - Jardim São Pedro",,4335340143,gabriel_baixista@hotmail.com,,,,
sonotec,2026-09-06,sonotec-10d8bcc2fd,Edson Luiz Goettems (Luthieria),PR,Toledo,,"Rua Suécia, 282 - Jardim Porto Alegre",,4599653078,edson.luthier.altoalegre@hotmail.com,,,,
sonotec,2026-09-06,sonotec-affaabfc73,Luthier Pro,PR,Umuarama,,"R. Desembargador Lauro Lopes, 4291 Sala 08",,44999921617,luthierpro@hotmail.com,,,,
sonotec,2026-09-06,sonotec-788d53bbff,Oficina do Músico (Luthieria),RJ,Belford Roxo,,"Travessa Sa Rego, 453 - Andrade de Araujo",,2126672659|21985592625,oficinadomusico.rj@gmail.com,,,,
sonotec,2026-09-06,sonotec-9ddff15cbb,Bastos Luthieria,RJ,Duque de Caxias,,"Rua Almirante Barroso, 80 – Andar 6, sala 602 - Jardim Vinte e Cinco de Agosto",,21981414918,wesleybluthier@outlook.com,,,,
sonotec,2026-09-06,sonotec-4d54818ae6,Paulo Renato Bussad Meireles (Luthieria),RJ,Itaperuna,,"Rua João Godinho Teixeira, 04 - Cidade Nova",,22999744343,bussadluthieria@gmail.com,,,,
sonotec,2026-09-06,sonotec-741521d814,Mega Som de Friburgo Eletrônica (Áudio e Microfone),RJ,Nova Friburgo,,"R. Mac Niven, 04 Loja B - Centro",,2225228547,megasomfri@gmail.com,,,,
sonotec,2026-09-06,sonotec-18e7bfba15,Eletrônica Play Power Ltda (Áudio e Microfone),RJ,Rio de Janeiro,,"R. Regente Feijó, 52 - Pv 1 Sala 102 - Centro",,2139701744|21997565941,nelson.mgomes@hotmail.com,,,,
sonotec,2026-09-06,sonotec-3817edf964,Garcia Consertos De Violões Ltda (Luthieria),RJ,Rio de Janeiro,,"R. Dos Inválidos, 19 - Centro",,2122524191,lindomarluthier@hotmail.com,,,,
sonotec,2026-09-06,sonotec-1f8e8b2ff9,KDias Luthieria,RJ,Rio de Janeiro,,"Estrada dos Bandeirantes, 22774 Loja A - Vargem Pequena",,21985151593|21981715230,klgdiaz@gmail.com,,,,
sonotec,2026-09-06,sonotec-53b35a7563,Tec-Audio Eletrônica (Áudio e Microfone),RJ,Rio de Janeiro,,"Av. Antares, 1844 - Loja 3 - Santa Cruz",,21970458433,tecaudioeletronica@gmail.com,,,,
sonotec,2026-09-06,sonotec-533d0d07f2,Terra Áudio Eletrônicos (Áudio e Microfone),RJ,Volta Redonda,,"R. Martins Fontes, 74 - Jardim Amalia 98117-8008",,2433425191,terraaudio@hotmail.com,,,,
sonotec,2026-09-06,sonotec-514dac5dee,Luthier Center,RN,Mossoró,,"Rua Alexandre Baraúna, 32 - Portal do Oeste - Paredões",,84991669646,luthieria.center@hotmail.com,,,,
sonotec,2026-09-06,sonotec-e13fc194ad,Coelho Serviços de Áudio e Eletrônica,RN,Natal,,"Rua Presidente José Bento, 577C - Alecrim",,84987516194,coelhoservaudio@gmail.com,,,,
sonotec,2026-09-06,sonotec-548492cb4e,Sandro Luthier,RN,Natal,,"Rua dos Paianazes, 1473 B - Alecrim 98874-0137",,8433220072,lsluthieria@hotmail.com,,,,
sonotec,2026-09-06,sonotec-a13c9b4e11,Glayton Oliveira Luthier,RO,Ji-Paraná,,"Rua Amapá, 767 - São Francisco",,69992085732,glayton71991@hotmail.com,,,,
sonotec,2026-09-06,sonotec-e983bbd8fc,Colares Comercio e Serviços (Áudio e Microfone),RO,Porto Velho,,"R. João Goulart, 2061 - São Cristovão 99232-8699",,6932236873,tec.maq.pvh@hotmail.com,,,,
sonotec,2026-09-06,sonotec-3b45b6bae8,LF Luthier,RS,Alto Feliz,,"Rua Julio de Castilhos, 949 - APTO 04",,51995563130,leaandro-guapa@live.com,,,,
sonotec,2026-09-06,sonotec-804afa619c,Thiago Cabral Luthier,RS,Alvorada,,"Rua Marechal Humberto de Alencar Castelo Branco, 1025 - Aparecida",,51992149512,tcabralluthier@gmail.com,,,,
sonotec,2026-09-06,sonotec-8836b3d48b,Andrio Rafael Luthier,RS,Campo Bom,,"R. Washington Luiz, 417 - Santa Lucia",,51998982054,diasnayanna@gmail.com,,,,
sonotec,2026-09-06,sonotec-4c6f679a90,André Fernando Luthieria,RS,Novo Hamburgo,,"Rua Vinte e Cinco de Julho, 292 - Rio Branco",,51991161252|5135867241,andrefwentz@gmail.com,,,,
sonotec,2026-09-06,sonotec-0a3f88503b,Paulo Ricardo Victoria Luthier,RS,Pelotas,,"Rua Soledade, 5572 - Laranjal",,54984165969|54999878596,paulooliveira32692@gmail.com,,,,
sonotec,2026-09-06,sonotec-8faa134e30,Bills Rock Guitar Tech (Lutheria),RS,Porto Alegre,,"Av. Alberto Bins, 550 - Loja 02 - Centro Histórico",,51999135939|5130228859,billmatte@gmail.com,,,,
sonotec,2026-09-06,sonotec-5cf8d05c44,Digisom Eletrônica (Áudio e Microfone),RS,Porto Alegre,,"Rua São Nicolau, 1093 - Santa Maria Goretti",,5133438142|51991419023,digisompoa@gmail.com,,,,
sonotec,2026-09-06,sonotec-97a63d45d4,Eletrônica Roquilo (Áudio e Microfone),RS,Porto Alegre,,"Av. Alberto Bins, 308 Conj 20 - Centro",,5132214997,eletronicaroquilo@hotmail.com,,,,
sonotec,2026-09-06,sonotec-4ecc0492b1,GTR Eletrônica (Áudio e Microfone),RS,Porto Alegre,,"Av. Voluntário da Pátria, 595 - Loja 13 - Centro Historico 9195-8066",,5132255845,gtreletronica@hotmail.com,,,,
sonotec,2026-09-06,sonotec-cf0a6e3107,Rocker Guitar Tech (Luthieria),RS,Porto Alegre,,"Rua Benjamin Flores, 57 - Independente - School of Rock Luthieria",,51982715537,rockerguitartech@gmail.com,,,,
sonotec,2026-09-06,sonotec-aef2981245,José Luthier,SC,Blumenau,,"Rua Alberto Puhler, 281 - Sala - Progresso",,47988213190,joseluthier281@gmail.com,,,,
sonotec,2026-09-06,sonotec-9178d0e7d6,Princess Sophie Luthery,SC,Chapecó,,"Rua Sarandi, 564 - Letra D - Passo dos Fortes",,49988668030,andersoabreu@gmail.com,,,,
sonotec,2026-09-06,sonotec-ee15f31be1,Eletrônica Oficina do Som (Áudio e Microfone),SC,Florianópolis,,"Rod. João Gualberto Soares, 1570 - Ingleses do Rio Vermelho Fixo e WhatsApp",,4832094070,assistencia@oficinadosomsc.com.br,,,,
sonotec,2026-09-06,sonotec-7f9d6e1444,Carlos J. Polvani (Luthieria),SC,Joinville,,"R. Aracaju, 575 - Saguaçu",,4799941800,polvani@hotmail.com,,,,
sonotec,2026-09-06,sonotec-9f06638e27,Eletrônica SCR (Áudio e Microfone),SC,São José,,"R. Progresso, 790 - Ed. Evanir Jorgina Pereira - Sala 1 - Areias 99612-9939",,4830472664,eletronica.scr@hotmail.com,,,,
sonotec,2026-09-06,sonotec-112daa9183,Luthier Silveira,SC,São José,,"R. Joao Manoel Da Silva, 1722 - Areias",,4896588175|4832468215,luthiersilveira@gmail.com,,,,
sonotec,2026-09-06,sonotec-5e66690c2f,João Oliveira - Eletromusic (Áudio e Microfone),SE,Aracaju,,"Rua Lourival Chagas, 465 - Grageru",,79999928181,j.eletromusic@gmail.com,,,,
sonotec,2026-09-06,sonotec-99a26135f3,Eletrônica Morelli (Áudio e Microfone),SP,Americana,,"Av. Campos Sales, 382 - Vila Jones 99148-0203",,1936456190,eletronicamorelli@hotmail.com,,,,
sonotec,2026-09-06,sonotec-339f42b4de,Scorpion Assistência Técnica (Luthieria),SP,Araçatuba,,"Av. Governador Mario Covas, 3762 - Jd America",,1833057115,scorpionassistenciatecnica@hotmail.com,,,,
sonotec,2026-09-06,sonotec-61383eb0b7,Fábio Augusto Pires (Luthieria),SP,Artur Nogueira,,"Rua Ademar de Barros, 809 - Piso 2 - Centro",,19992828553,fabiopires3@gmail.com,,,,
sonotec,2026-09-06,sonotec-eeea198966,Madeira Prima Luthieria,SP,Barretos,,"Avenida 41, 225 - Centro",,17981453212,madeiraprimaluthieria@gmail.com,,,,
sonotec,2026-09-06,sonotec-2c8145f2ea,Alexandre Luthier,SP,Bertioga,,"Rua João Ramalho, 1354 - Centro",,13997250552,xand.santos76@gmail.com,,,,
sonotec,2026-09-06,sonotec-1cada81616,Enge Áudio Tecnologia,SP,Caçapava,,"Praça Dr. Pedro de Toledo, 20 - Centro",,12981346971,projetos@engeaudio.com.br,,,,
sonotec,2026-09-06,sonotec-7d1e62e54f,Support Lab Áudio e Vídeo (Áudio e Microfone),SP,Campinas,,"R. Doutora Silva Ferreira de Barros, 53 Jd. Dom Vieira",,1940421082|19992039966,contato@analisea.com.br,,,,
sonotec,2026-09-06,sonotec-020470f65b,Madeira Prima Luthieria,SP,Catanduva,,"Rua Amazonas, 930 - Centro (Galeria Handmode)",,17981453212,madeiraprima@hotmail.com,,,,
sonotec,2026-09-06,sonotec-e2c5d3e7c6,Perfeisom Eletrônica (Áudio e Microfone),SP,Fernandópolis,,"Avenida Libero de Almeida Silvares, 2578 - Coester",,1734424054,perfeisom.eletronica1@gmail.com,,,,
sonotec,2026-09-06,sonotec-b250e52712,Geraldo Majela Lemos (Luthieria),SP,Franca,,"Rua das Begônias, 1160 - Jardim Florida",,16981148701,idalinaalveslemos@gmail.com,,,,
sonotec,2026-09-06,sonotec-c9e3118205,Felipe da Silva Lemos (Luthieria),SP,Guarulhos,,"R. Vicente Melro, 722 Sala 12 - Jd. Vila Galvão",,11979655353,felipesl1@hotmail.com,,,,
sonotec,2026-09-06,sonotec-b5f41c1266,N.A Luthieria Assistência Técnica de Instrumentos Musicais,SP,Ilha Solteira,,"Rua Rio São Francisco, 326 - Zona Norte",,18991481072|18991001715,denereverton504@gmail.com,,,,
sonotec,2026-09-06,sonotec-4826aad2a6,DB Luthieria,SP,Jacareí,,"Avenida Mississípi, 508 - Jardim Florida",,12992442713,luthieriadb@gmail.com,,,,
sonotec,2026-09-06,sonotec-65241df3ed,Eletrônica CNR PRO (Áudio e Microfone),SP,Limeira,,"R. Augusta, 261 - Vila Gloria",,1934416084|19984160166,eletronicacnr@hotmail.com,,,,
sonotec,2026-09-06,sonotec-a562c6622f,Raphael de Moura Luthieria,SP,Lorena,,"Rua Olímpio Catão, 105 Anexo 131 - Bairro Cabelinha",,12991321616,kalangcustom@gmail.com,,,,
sonotec,2026-09-06,sonotec-930c12bee8,Guitar Clinic (Luthieria),SP,Marília,,"Rua Maria Francisca Camargo, 1336 - Jd. Santa Antonieta",,1432213318|14997335177,guitarclinic565@yahoo.com.br,,,,
sonotec,2026-09-06,sonotec-7a60b8bd69,Mendes Luthieria,SP,Mococa,,"R. Capitao Jose Gomes, 365 Box 11 - Centro",,1936661369,mendesluthieria@hotmail.com,,,,
sonotec,2026-09-06,sonotec-92b1af6b57,Guitar House (Luthieria),SP,Mogi Guaçu,,"Av. Marechal Castelo Branco, 50 - Centro",,19998998527|19992617557,julioeduardo58@gmail.com,,,,
sonotec,2026-09-06,sonotec-9a0ac9293b,França Barros Luthieria,SP,Nova Odessa,,"Avenida Doutor Ernesto Sprogis, 858 - Jardim Santa Rosa",,19996721856|1933635576,alecs@fbluthieria.com.br,,,,
sonotec,2026-09-06,sonotec-62e6aa8ba7,Estação Acústica - Assistência Técnica e Luthieria,SP,Praia Grande,,"R. Plinio Salgado, 49 - Tude Bastos Pabx e WhatsApp Todos os nossos atendimentos são agendados.",,1333029000,gerente.acustica@outlook.com.br,https://www.estacaoacustica.com,,,
sonotec,2026-09-06,sonotec-47bbd548d2,Duarte Luthieria,SP,Ribeirão Preto,,"R. Florencio De Abreu, 1811 - Vila Seixas 3023-5991",32349-871,1632349871,duarte@duarteluthieria.com.br,,,,
sonotec,2026-09-06,sonotec-ea25c25f10,GFS Tech Assistência Técnica (Áudio e Microfone),SP,Ribeirão Preto,,"Rua Princesa Izabel, 642 - Vila Tamandaré",,1636259209,atendimento@gfstech.com,,,,
sonotec,2026-09-06,sonotec-0a66b83608,CSAL Serviços de Luthieria,SP,Santo André,,"Rua Dinamarca, 121 Apto 03 - Pq Das Nações",,11997133361,csluthier@hotmail.com,,,,
sonotec,2026-09-06,sonotec-2691b4954b,E.S.A - Áudio São Carlos (Áudio e Microfone),SP,São Carlos,,"R. Miguel Giometti, 95 - Vila Arnaldo",,16997763793|1633751511,cava.tec@hotmail.com,,,,
sonotec,2026-09-06,sonotec-db4f164741,Lucas Luthier,SP,São José do Rio Preto,,"Travessa Avelina Diniz, 35 - Centro",,18981815598,lucasluthier90@gmail.com,,,,
sonotec,2026-09-06,sonotec-7e6855ad77,Samuel Soares Luthieria,SP,São José dos Campos,,"Avenida Tivoli, 170 - Vila Betania",,12997450400,samuel.997450400@gmail.com,,,,
sonotec,2026-09-06,sonotec-652c516aec,A & R Assistência Técnica,SP,São Paulo,,"Rua Cerro Cora, 777 - Vila Romana",,11974808962|1123626231,contato@aerassistencia.com,,,,
sonotec,2026-09-06,sonotec-4bea30a0de,Eletrônica Rege (Luthieria),SP,São Paulo,,"R. Apa, 212 - Santa Cecilia",,1136664593,amplificadoresmatusa@hotmail.com,,,,
sonotec,2026-09-06,sonotec-d24475002c,Guerra Guitars (Luthieria),SP,São Paulo,,"R. Dr. Olavo Egidio, 56 - Santana",,1122831159|1129778758,vitor_guerra@hotmail.com,,,,
sonotec,2026-09-06,sonotec-1b515fc2cf,Kbr Artes e Instrumentos Musicais (Luthieria),SP,São Paulo,,"R. Costa Rego, 21/23 - Vila Guilhermina",,1126851815,kbrartes@kbrartes.com.br,,,,
sonotec,2026-09-06,sonotec-102219d39c,LevelSound Professional Sound (Áudio e Microfone),SP,São Paulo,,"Rua Araxás, 43 - Jardim da Saúde",,11986819318,levellsound@gmail.com,,,,
sonotec,2026-09-06,sonotec-5885a98b11,Musikaos (Luthier Messias Antunes),SP,São Paulo,,"Rua Henrique Reimberg, 1228 - Jardim Novo Parelheiros",,11975429455,luthiermusikaos@gmail.com,,,,
sonotec,2026-09-06,sonotec-76def16016,Pro Marcas Eletrônicos (Áudio e Microfone),SP,São Paulo,,"Rua do Triunfo, 85 A - Santa Efigênia 99517-4550",,1133373494,proatendimento@hotmail.com,,,,
sonotec,2026-09-06,sonotec-1ca5532b01,Som Mic Eletrônica (Áudio e Microfone),SP,São Paulo,,"R. Beneficência Portuguesa, 24 - Sala 311 - 3 Andar",,1132286643,sommiceletronica@hotmail.com,,,,
sonotec,2026-09-06,sonotec-c1b3490c3a,SS CUSTOM GUITARS (Luthieria),SP,São Paulo,,"Rua do Seminário, 199 - 2⁰ andar, sala 21 - Centro",,1133136003,sscustomguitars@yahoo.com.br,,,,
sonotec,2026-09-06,sonotec-e074617bef,VGTEK ELETRÔNICA (Áudio e Microfone),SP,São Paulo,,"Rua Dr. Olavo Egídio, 56 - Santana",,11970123176|1129778758,nivaldo.vgtek@gmail.com,,,,
sonotec,2026-09-06,sonotec-ea3af9cd60,Apollo Luthieria,SP,Taboão da Serra,,"Rua São Geraldo, 33 - Jardim São Salvador",,11976180918,apolloluthieria@gmail.com,,,,
tagima,2026-09-06,tagima-593cb6e7a0,FR LUTHIERIA,AC,Rio Branco,,"Avenida Nacoes Unidas , 912 - Bosque",69900-478,68999373343,feliperocha.guitar@gmail.com,,André Felipe,08:00 às 17:00,
tagima,2026-09-06,tagima-f6418cd56b,NS LUTHIERIA,AC,Rio Branco,,"Rua 20 de Março, 468 - Placas",69914-820,6832288992,nelcimar.luthie@hotmail.com,,Nelcimar,08:30 AS 18:00 - 09:00 AS 16:00,
tagima,2026-09-06,tagima-3f1cfabcfa,CALANGO,AL,Macéio,"Prado , Loja D - Praça do Pirulito","Rua Angelo Barbosa , 170",57010-291,8330236033|82988205168,calangoinstrumento@outlook.com,,Gabriel David,,
tagima,2026-09-06,tagima-ac2c5649a0,EGNALDO LUTHIER,AL,Maceió,,"Av. Moreira e Silva, 40 Praça dos Martírios - Centro",57051-000,8232210864|8298024258,egnaldoluthier@gmail.com,,Egnaldo,08:00 as 12:00 - 14:00 as 18:00 - 08:00 as 13:00,
tagima,2026-09-06,tagima-524d6b2e1a,GD MUSIC LUTHIERIA E INSTRUMENTOS MUSICAIS,AL,Maceió,,"Av. Senador Rui Palmeira, 56 - Ponta Verde",57035-250,82996835193|8234323643,gdmusicontato@gmail.com,,Geyvisson,09:00 às 18:00,
tagima,2026-09-06,tagima-8176c962d8,CRISTIANO FRAZÃO,AL,União Dos Palmares,,"Rua Francisco De Assis, 223 - Alto Da Boa Vista",57800-000,8232813284|82993426434|82993426435,cristianofrazao_s@hotmail.com,,Cristiano,08:00 às 17:00,
tagima,2026-09-06,tagima-e05edd8075,LUTHIER MARCIO COSTA,AM,Manaus,,"Rua Monsenhor Coutinho, 267 - Nossa Senhora Aparecida",69010-110,92991471931,luthiermarcio@yahoo.com.br,,Marcio,,
tagima,2026-09-06,tagima-5e2fc955f9,POINT DO MÚSICO,AM,Parintins,,"Rua Padre Victor, 920 - Zumbi Dos Palmares",69153-160,9291353306,luthier_pin.am.brasil@hotmail.com,,Wall Silva,08:00 às 18:00,
tagima,2026-09-06,tagima-e554df93b7,CALVER INSTRUMENTOS MUSICAIS & CIA,AP,Macapá,,"Avenida Acre, 522, Pacoval , Próximo ao Mercantil Lima",68908-390,,delsonluthiermacapa@gmail.com,,Delson Viana,De Segunda á Sexta das 08:00 ás 12:00 e das 14:00 ás 18:00 e Sábados das 8:00 ás 13:00,
tagima,2026-09-06,tagima-4f42f5dae4,LUTHIERIA S.O.S BATERAS,AP,Macapá,,"Av. Tereza Maciel Tavares, 212 - Muca",68902-590,9691119294|9681316666,nelson_barone@hotmail.com,,Edinelson,,
tagima,2026-09-06,tagima-473e0035c7,GUSTAVO ASSIS,BA,Centro - Feira De Santana,,"Rua José Joaquim Seabra , 147A",40301-110,75992218558,gustavoads@yahoo.com.br,,Gustavo,,
tagima,2026-09-06,tagima-69e5ce7a14,ALMA MUSICAL,BA,Salvador,,"Rua José Gonçalves, 45 - Centro",40020-250,7192742522,jorgeguitarras.sa@gmail.com,,Jorge Sousa,,
tagima,2026-09-06,tagima-89aa1b5f3d,EXPRESSO MUSICAL JORBARA JORAN,BA,Salvador,,"Praça da Sé, 32 - 1º Andar - Centro Histórico , Em cima da loja ""A Primavera""",40026-080,,,,Jorge Luis ou Jorbara Joran,Seg. a Sex. das 09:00 ás 17:00 e Sáb. das 09:00 ás 14:00,
tagima,2026-09-06,tagima-7d66246ed2,ROCHA LUTHIERIA,BA,Santo Antônio de Jesus,,"Rua Conselheiro Urcisino Queiroz, 74 - Centro , Primeiro Andar",44430-182,,alexmatos@gmail.com,,Alex (Kiko),Segunda a Sexta das 08:00 ás 18:00 e Sábados das 08:00 ás 13:00,
tagima,2026-09-06,tagima-d7933d3067,Bhall Luthier,BA,Vitória da Conquista,,"Avenida Brumado , S/N Espaço Cultural Glauber Rocha - Brasil",45051-000,7734231090|77988750953,bhallluthier01@hotmail.com,,Bhall (Nivaldo),08:00 as 18:00 - 08:00 as 13:00,
tagima,2026-09-06,tagima-3d62bba7ff,JORAMA LUTHIER,CE,FORTALEZA,CENTRO,"R. Liberato Barroso , 793",60030-160,8532315774,marcialima793@gmail.com,,,,
tagima,2026-09-06,tagima-00655b36c5,LUTHITEC,CE,FORTALEZA,centro,"Rua Nogueira Acioli , 1400",60110-140,,,,,,
tagima,2026-09-06,tagima-e0e9d1e100,ASSISTÊNCIA TÉCNICA MELODIA,DF,Brasília,,"SCLRN 706 , 56 - Asa Norte , Bloco F - Loja",70740-516,,assistenciaguitartecdf@gmail.com,,Gabriel Lopes,Seg á Sex das 10 ás 12 / Das 13 ás 17 e Sáb. das 9 ás 13,
tagima,2026-09-06,tagima-5bea69ccd2,DSOM LUTHIERIA,DF,BRASILIA,"TAGUATINGA , LT2 AP 903 ED. HENRIQUE BAETA","QUADRA CSB 5 , 903",72015-555,61991284809,contato.dsom@gmail.com,,DHIEGO RHUAN,,
tagima,2026-09-06,tagima-dd2fcfac2d,SERVIÇOS PRIME LUTHIERIA,DF,Brasília,,"Rua 13 Norte, Lote 01/03 loja 24 , Vitrinni Shopping, Águas Claras",71909-720,,servicosprime.work@gmail.com,,Samuel Silva,Seg. a Sáb. das 10 ás 18,
tagima,2026-09-06,tagima-ffddcffbd5,T LL ATELIER LUTHIERIA,DF,Brasília,,"Chácara 35 - conjunto 2 - As margens da EPTG , casa 46 , Residencial Vitória",72001-390,61985443201,theolimaluthier@gmail.com,,Antoniel Oliveira,,
tagima,2026-09-06,tagima-4c4791ffc3,RB LUTHIERIA,DF,Taguatinga Norte,,"QND 27 , Lote 5 , Sala 205",72120-270,61984782411,ronan.braga.vendas@gmail.com,,Ronan Braga dos Santos,08:00 às 18:00,
tagima,2026-09-06,tagima-30b9ef09b2,ALESSANDRO MAGNO LUTHIER,ES,Cachoeiro Do Itapemirim,,"Rua Mário Rezende, 16 - Gilberto Machado",29303-200,2835114631|28999762738,alessandroluthier@hotmail.com,,Alessandro,,
tagima,2026-09-06,tagima-e91992615d,MUSITEC INSTRUMENTOS,ES,Cachoeiro Do Itapemirim,,"Av. Etelvina Vivacqua, 98 Sala 402",29302-490,2830655965,musitec@live.com,https://www.musitecassistenciatecnica.blogpost.com.br,Daniel,08:00 ÀS 18:00,
tagima,2026-09-06,tagima-c36a74b5c5,RAINER LUTHIER,ES,Vila Velha,"Santa Mônica , Zion - 101B","Av. João Mendes , 129",29105-200,2733397512|27981111709,,https://www.rainerluthier.com.br,Rainer,08:00 ÀS 18:00,
tagima,2026-09-06,tagima-1a0953dc52,REVOLUTION MUSIC,GO,Catalão,,"Rua José Mathias Da Silveira , 823 Apto 05 - Nossa Senhora De Fátima",75709-020,8484365535|8499541586|8481374551,pedropaulo@hotmail.com,,Pedro Paulo,08:00 às 18:00,
tagima,2026-09-06,tagima-4240167491,HARMONIA SERVICE,GO,Goiânia,,"Rua 08 , 616 Qd 11 Lt 78 - Setor Central",74013-030,6236389800,assistenciahm@harmoniamusical.com.br,,Cleber Costa,08:00 às 18:00,
tagima,2026-09-06,tagima-b314d5a9d2,R N ASSISTÊNCIA,GO,Goiânia,,"Rua 8, 557 Quadra 22 - Lote 54 E Loja 2 E 3 - Centro",74013-030,6232242498|6233242498,rnassistenciatecnica@hotmail.com,,Raul,08:00 às 18:00,
tagima,2026-09-06,tagima-a71a1340e0,ANTONIO VIEIRA LIMA,MA,Imperatriz,Centro,"Rua Dorgival Pinheiro de Sousa, 933",65903-270,,toninholuthier007@gmail.com,,,Seg. a Sex. das 08:00 ás 18:00 e Sáb. das 08:00 ás 12:00,
tagima,2026-09-06,tagima-209d3d601b,ASSIS LUTHIER,MA,Imperatriz,,"Rua Coronel Manoel Bandeira, 1028 - Centro",65900-010,9935242026,assis2assis@hotmail.com,,Assis,08:00 às 18:00,
tagima,2026-09-06,tagima-27b23c9284,LUTHIERIA KP,MA,Imperatriz,,"Rua São Simão, 14 - Pq Santa Lúcia",65912-310,9991418170,faceaface33@hotmail.com,,Kleilson,08:00 às 18:00,
tagima,2026-09-06,tagima-46867d8c86,RODRIGO LUTHIER,MA,São Luiz,,"Rua Projetada, 10 Quadra 04 - São Bernardo",,98981827019,rodrigoluthieria@gmail.com,,Rodrigo,08:00 às 17:30,
tagima,2026-09-06,tagima-60ab3de6c3,LUTHIERIA TATÁ,MG,Barbacena,Centro,"Rua General Câmara , 59",36200-102,32988730660,luthieriatata@gmail.com,,,Seg a Sex 9:30 as 18:30 - Sabado 9:30 as 13:00,
tagima,2026-09-06,tagima-e24ab0f892,MUSICALISTA,MG,Belo Horizonte,Venda Nova,"Rua Padre Pedro Pinto, 2970 - 1ª e 2º andar",31660-000,3130215065|3130334851,bh@musicalista.com.br,,Luis ou Julia,Seg a Sex das 08:00 ás 19:00 / Sáb. das 08:00 ás 14:00,
tagima,2026-09-06,tagima-d0454febe2,SOUZZA GUITAR,MG,Bom Despacho,,,,37999935715,souzzaguitarluthier@gmail.com,,Claudia,,
tagima,2026-09-06,tagima-8cd7eb6680,PAULO AUGUSTO LUTHIER,MG,"Centro, Varginha",,"Avenida Francisco Navarra , 500",37006-000,,pacastelhano@gmail.com,,Paulo Augusto,Seg. a Sex. das 09:30 ás 17h e Sás. das 09:30 ás 11:30h,
tagima,2026-09-06,tagima-d999b0ee32,SÉRGIO RICARDO DO NASCIMENTO PIRES,MG,Conselheiro Lafaiete,,,,31987658711,srnpires@yahoo.com.br,,Sergio,,
tagima,2026-09-06,tagima-1626ac55a0,RETOQUE INSTRUMENTOS,MG,Governador Valadares,,"Av. Afonso Pena, 3212 - Centro",35010-001,3332714048|3384011638,retoqueinstrumentos@hotmail.com,,Marcelo,08:00 ÀS 18:00,
tagima,2026-09-06,tagima-63e1408243,S.O.S. INSTRUMENTOS,MG,Governador Valadares,,"Rua São Paulo, 616 Loja 616 C - Centro",35010-180,3332789358|3399741538|3388138005,elvisfroede@hotmail.com,,Elvis,08:00 ÀS 18:00 - 09:00 ÀS 12:00,
tagima,2026-09-06,tagima-9decf5dddf,FRANCIS LUTHIER,MG,Ipatinga,,"Serra Do Miradouro, 05 - Centro",35164-239,3138260101,violaofrancis@hotmail.com,,Francis,08:00 ÀS 18:00 - 09:00 ÀS 12:00,
tagima,2026-09-06,tagima-03630561c8,GRAN SOM,MG,Ipatinga,,"Rua Juiz De Fora, 81 A - Centro",35160-031,3138221113,mtggransom@msn.com,,Junior,08:00 ÀS 18:00 - 09:00 ÀS 12:00,
tagima,2026-09-06,tagima-431ba79df6,MASTER LUTHIERIA,MG,Manhuaçu,,"Rua Teodoro Pio Dos Santos, 179 - Luciano Heringer",36900-000,3333316750,masterluthieria@hotmail.com,,Adelmo,08:00 ÀS 18:00,
tagima,2026-09-06,tagima-5b4da77255,EBROM LUTHIER,MG,Patos De Minas,,"Rua Amazonas, 465 Loja - Cônego Getúlio",38700-198,3496928124,alexebrom@yahoo.com.br,,Ebrom,08:00 ÀS 18:00 - 09:00 ÀS 12:00,
tagima,2026-09-06,tagima-64260e824f,MAICON LUTHIER,MG,Santa Rita Do Sapucaí,,"Rua Custódio Rosa , 82 - Maristela",37540-000,3599421216,maiconbrasileiro@yahoo.com.br,,Maicon,08:00 ÀS 18:00,
tagima,2026-09-06,tagima-f2b8de5ea3,WALTER LUTHIER,MG,São João Del Rei,,"Rua Batista Andrade, 52 - São Geraldo",36300-374,32984043138,waltinholuthier@gmail.com,,Walter Nogueira,08:00 ÀS 18:00,
tagima,2026-09-06,tagima-e859fe93af,HARDWOOD CUSTOM GUITARS,MG,Sete Lagoas,,"Av. Raimundo Geraldino Fonseca, 555 B - Montreal 2",35701-390,,,,André Luiz,,
tagima,2026-09-06,tagima-e65a1697f9,WALTER LUTHIER,MG,Tabuleiro,,"Pça. João Floriano - Centro , 116",36165-000,,waltinholuthier@gmail.com,,Walter Nogueira,08:00 ás 18:00,
tagima,2026-09-06,tagima-1aa8457dc8,NANDO LUTHIER,MG,Varginha,,"Praça João Pessoa, 174 - Centro",37014-210,35984286731|3532124931,,,Luiz Fernando,,
tagima,2026-09-06,tagima-cff04a65e0,Luthieria - William Carvalho,MS,Campo Grande,,"Rua Américo Brasiliense, 1881 - Vila Almeida",79112-360,6733629970,ocluthieria@yahoo.com.br,,William Carvalho,08:00 às 18:00,
tagima,2026-09-06,tagima-ac41d60660,LUTHIERIA ODILON CARVALHO,MS,Campo Grande,,"Rua Guiratinga, 258 - Santo Amaro",79112-320,6733629970|6784078387,luthieria@odiloncarvalho.com.br,,Odilon,08:00 às 18:00,
tagima,2026-09-06,tagima-c9cec10a40,VILA DO MÚSICO,MS,Campo Grande,,"Av. Eduardo Elias Zahran, 180 Fundos - Jd. Paulista",79050-000,6733423181|6781459447,lucianoluthier@terra.com.br,,Luciano,08:00 ÀS 18:00 - 09:00 ÀS 12:00,
tagima,2026-09-06,tagima-cf4570578a,Blue Wave,MT,Cuiabá,"Dom Aquino , Térreo","Rua Comendador Henrique, 380 - Dom Aquino",78015-050,6536220844,contato@bluewavemusical.com.br,,Francisco,De Segunda á Sexta das 08:00 ás 11:30 e das 13:00 ás 17:00,
tagima,2026-09-06,tagima-86516352ca,Luthieria Som e Luz Sinop,MT,Sinop,,"Rua Dois, 604 - Menino Jesus II",78559-328,,rafael.volpi@hotmail.com,,Rafael,De Segunda á Sexta das 08:00 ás 18:00 e sábado das 08:00 ás 12:00,
tagima,2026-09-06,tagima-3acaeb4eab,ELETRÔNICA PROGRESSO,PA,Breves,,"Av. Presidente Getúlio Vargas, 1525 - Centro",68800-000,9181904180|9191249301,marinaldo.m@bol.com.br,,Marinaldo,08:00 ÀS 18:00,
tagima,2026-09-06,tagima-ff51e2a605,WAKEUP,PA,Parauapebas,Cidade Novas,"Rua A , 584",68515-000,,lell.gtr@hotmail.com,,Leandro Ribeiro de Araújo,,
tagima,2026-09-06,tagima-d6c90fb14c,DAMATTA CUSTOM SHOP,PA,Santa Maria Do Pará,,"Av. Bernardo Sayão, 420 - Centro",68738-000,91983095458|91993437035,damattaluthieria@hotmail.com,,Luís Favero,,
tagima,2026-09-06,tagima-e7baa4a35c,DAMATTA LUTHIERIA,PA,Santa Maria Do Pará,,"Rua Dr. Rayol, 907 Casa 01 - Centro",68738-000,91983095458|91987077303,damattaluthieria@hotmail.com,,Luis Antonio,08:00 ÀS 18:00 - 09:00 ÀS 12:00,
tagima,2026-09-06,tagima-df1002b7c6,ADRIANO LUTHIER,PA,Tucuruí,Paravua,"Rua São João , 217",68456-450,94991481631|94981439190|9491481631,adrianoluthier@bol.com.br,,Adriano Ferreira,08:00 ÀS 18:00,
tagima,2026-09-06,tagima-9caed50592,DAVID LAMARK LUTHIER,PB,Cajazeiras,,"Rua Francisca Pereira Carneiro, 72 - Casas Populares",58900-000,8391655824,david-lamark@hotmail.com,,David ou João Miguel,08:00 ÀS 18:00,
tagima,2026-09-06,tagima-4af3f544ad,CRISTIANO LUTHIER,PB,Campina Grande,,"Rua 21 De Fevereiro, 35 - Catolé",58410-387,8399501332|8399702729,cristianosalterio@hotmail.com,,Cristiano,08:00 ÀS 18:00,
tagima,2026-09-06,tagima-dca5ec7447,JEFFERSON LUTHIER,PB,Campina Grande,,"Av. Plínio Lemos, 3628 - Jd. Serrotão",58433-750,8333335113|83987983975,jflima4664@gmail.com,,Jefferson Lima,,
tagima,2026-09-06,tagima-b76daa74ce,WORLD ELETRÔNICA.COM,PB,Campina Grande,,"Julia Barreto de melo , 42 - Centro",58400-135,8332011251,fabioleonardo29@hotmail.com,,Fabio Leonardo Costa,,
tagima,2026-09-06,tagima-4b9c7e532b,GILMAR DE FREITAS DA SILVA,PB,João Pessoa,Trincheiras,"Rua Professora Lidia Mendonça , 16",58011-341,83988032424,gilmarfreitas920@gmail.com,,,,
tagima,2026-09-06,tagima-3e4e5f65c9,JAMIELSON LUTHIERIA,PB,João Pessoa,,"Rua Marcionilda da Conceição, 1382 - Cabo Branco , Loja",58045-050,8330232777,jamielsonluthieria@gmail.com,,Misael Jamielson,Seg. a Sex. 09:00 ás 12:00 e das 13 ás 17:30,
tagima,2026-09-06,tagima-bf11ecfdfd,JUNINHO PUNK LUTHIER,PB,João Pessoa,,"Rua Rosa Lima Dos Santos , 411 - Bancários",58051-590,8332350127|8388368008,juniorpunk-br@hotmail.com,,Junior Punk,08:00 às18:00,
tagima,2026-09-06,tagima-0f5eebd728,TARGET MUSIC,PB,João Pessoa,Centro,"Rua Duque de Caxias , 203 Sala 101 - Centro",58010-820,,glaucianofa@hotmail.com,,Glauciano Felix Alves,09:00 às 17:30,
tagima,2026-09-06,tagima-8e0da19e05,MARCOS FERNANDES,PE,Caruaru,,"Rua Vidal de Negreiros, 17 - Nossa Senhora das Dores",55004-430,8137234202|8191887862,mdedinho@hotmail.com,,Marcos Fernandes,,
tagima,2026-09-06,tagima-7f48e919b1,ELISSANDRO LUTHIER,PE,Garanhuns,,"Rua Visconde De Caius, 27 - Heliópolis",55298-715,8799359869,elissandroluthier@live.com.br,,Elissandro,08:00 às 18:00,
tagima,2026-09-06,tagima-f16e29e9fa,DARIO SILVA,PE,Palmares,,,,81996978224,universodascordas@gmail.com,,Dario,,
tagima,2026-09-06,tagima-ff587dcb34,UNIVERSO DAS CORDAS LUTHIERIA,PE,Palmares,,"Rua Antonio Meira Da Silva, 99 Próximo a Padaria 3 Irmãos - Nova Palmares",55540-000,81996978224,universodascordas@gmail.com,,Dário Silva,08:00 ÀS 18:00,
tagima,2026-09-06,tagima-f3164c4a44,Leão Luthier,PE,Recife,,"Rua Marques do Herval, 150 , Ed. Rainha, SL 305 - 3ºAndar - São José",50020-030,,eduardoleaoconserto@gmail.com,,Eduardo,Seg. a Sex. das 08:30 ás 17:00 e Sáb. das 08:30 ás 12:00 *Podendo sofrer alterações no funcionamento,
tagima,2026-09-06,tagima-d7b23b40e5,LUTHIERIA CONCEITO,PE,Recife,,"Rua da Concórdia, 372 3º Andar Sl 30c - São José",50020-055,81995984802,olegariomix@hotmail.com,,Ricardo Olegário,09:00 às 17:00,
tagima,2026-09-06,tagima-5448b108d2,JERRY LUTHIER,PE,Santa Cruz do Capibaribe,,"Rua João Fernandes Vieira, 93 Casa - São Cristóvão",55194-220,81996738961|81993871699,jerry_sousa@hotmail.com,,Jerry,08:00 ÀS 18:00,
tagima,2026-09-06,tagima-026b334eb1,SAM MUSIC,PI,Floriano,,"Avenida Bucar Neto, 489 - Centro",64800-000,8935212205|8999829087,natansantos-@hotmail.com,,Natanael,08:00 às 18:00,
tagima,2026-09-06,tagima-fdb3dbc25d,FABIMAZUKA LUTHIER,PR,Arapongas,,"Rua Moscareira, 34 - Vila Bernardes",86700-115,4330552073|4332753104|4399520254,fabimazuka@hotmail.com,,Fabio Leandro,08:00 às 18:00,
tagima,2026-09-06,tagima-2f13e62b8b,MARCOS ROSA,PR,Campo Mourão,,"Rua Bela Vista, 1461 - Jardim Pio Xii",87306-050,4435241843|4484293556,marcoguitarosa@hotmail.com,,Marcos Rosa,08:00 às 18:00,
tagima,2026-09-06,tagima-dc54995e9e,ARMAZEM MUSICAL,PR,Foz do Iguaçu,Campos do Iguaçu,"Rua Tibagi , 73",85857-000,,armazem.musicalfoz@gmail.com,,Sergio Luiz,Seg a Sex das 08:30 ás 12:00 / Das 13:00 ás 18:00 e Sáb. das 08:30 ás 12:00,
tagima,2026-09-06,tagima-31ca636443,EURO MUSICAL,PR,Foz do Iguaçu,,"Avenida Costa e Silva , 409 Sala 03 - Alto São Francisco",85863-762,4530255545|45999853595,loja@euromusical.com.br,https://www.euromusical.com.br,Emanuel Silva,09:00 as 18:00,
tagima,2026-09-06,tagima-535e60dda7,JUNIOR LUTHIER,PR,Foz do Iguaçu,,"Rua Princesa Isabel , 255 - Vila Cláudia",85852-390,4599518680|4530298733,juniorluthierfoz@hotmail.com,,Junior,08:00 às 18:00,
tagima,2026-09-06,tagima-d34be85cf0,ATELIER DA MUSICA,PR,Maringá,,"Praça Rocha Pombo, 16 Sala 01 - Zona 01",87013-030,4430342046|4499071682,contatoateliedamusica@gmail.com,,Wenderson,,
tagima,2026-09-06,tagima-a1c4bb5719,ALEXANDRE LUTHIER,PR,Paranaguá,,"Rua José Vicente Elias, 2106 - Sete de Setembro",83252-000,,s.alexandre.luthier@gmail.com,,Alexandre,Seg. a Sex. das 09:30 ás 18:00,
tagima,2026-09-06,tagima-0496d322a6,KIKO ZUBEK CONSERTOS,PR,Ponta Grossa,,"Rua Adílio Ramos , 784 - Sabará",84062-270,,kikozubek@hotmail.com,,Kiko,09:00 as 18:00,
tagima,2026-09-06,tagima-f0a229ddd9,LA NIÑA MANUTENÇÃO,PR,Ponta Grossa,,"Rua Barão Do Cerro Azul, 920 - Centro",84010-210,4233231314,a.anhaia@hotmail.com,https://www.lanina.com.br,Admilson,08:00 às 18:00,
tagima,2026-09-06,tagima-ded2cd394d,RED FOX,PR,Ponta Grossa,,"Rua Henrique Thielen, 60 Casa 5 - Jd Carvalho",84015-650,4230275377,joaoguilhermep@hotmail.com,,João Guilherme,,
tagima,2026-09-06,tagima-efe566dec0,OFICINA DA ARTE,PR,Telêmaco Borba,,"Rua Mamão ou Rua Rio Claro, 48 Próximo A Creche João - São João",84270-400,4232720153,robsonmartinsrock@yahoo.com.br,,Robson Neves,14:00 AS 18:00,
tagima,2026-09-06,tagima-9c04fe4fc3,LUTHIER PRO,PR,Umuarama,,"Rua Desembargador Lauro Lopes 4291 Galeria Piemont 2 , Sala 8 / Zona 1",87501-210,44999921617,luthierpro@hotmail.com,,Fabricio Carlos Faneco,,
tagima,2026-09-06,tagima-10b393a65d,CORRADO GUITARS LUTHIERIA,PR,Vila Morangueira - Maringá,,"Avenida Pedro Taques , 1388 , Sl. 3 - Sobreloja",87030-283,,vinicius@corrado.com.br,,Vinicius Corrado ou Henrique Silveira,Seg. a Sex. das 9 ás 18h e Sábado das 9 ás 13h,
tagima,2026-09-06,tagima-7439c49992,SHUMURANI GUITAR,RJ,Angra dos Reis,,"Rua Doce Angra , 694 Village - Jacuecanga",23914-160,24992198446|2433612840,shumurani@hotmail.com,,Fabiano,10:00 às 18:00,
tagima,2026-09-06,tagima-5293f1c566,LUFE GUITAR TECH,RJ,Niterói,Ilha da Conceição,"Rua B , 7",24050-184,,lufeguitartech@gmail.com,,Luiz Felipe,09:00 ás 18:00,
tagima,2026-09-06,tagima-a8b84c4dc7,TOQUE E TROQUE,RJ,Niteroi,"Centro , loja 307","Rua da Conceição , 13",24020-080,21980775550|21969295550,toqueetroque.loja@gmail.com,,,Seg a Sex 10 as 18hs,
tagima,2026-09-06,tagima-58880e68b7,B. LUTHIERIA,RJ,RIO DE JANEIRO,"DUQUE DE CAXIAS , 6° andar - sl 602","Rua Almirante Barroso , 80",25010-010,,wesleybluthier@outlook.com,,WESLEY,,
tagima,2026-09-06,tagima-16cde287fe,LUTHIER CENTER,RN,Mossoró,,"Rua Antônio De Souza, 143 1º Andar Sala 08 Ed. Santa Luzia - Santa Luzia",59600-650,84991669646,luthieria.center@hotmail.com,,Airton,08:00 às 18:00,
tagima,2026-09-06,tagima-23ea6f16cd,GERAILTON CUSTOM GUITARS,RN,Natal,,"Rua Presidente José Bento , 577 - Alecrim",59037-060,8420303908,gerateclarn@hotmail.com,,Gerailton,08:00 as 18:00 - 08:00 as 12:00,
tagima,2026-09-06,tagima-c09a64fa50,LS LUTHIERIA,RN,NATAL,Alecrim,"Rua dos Paianazes , 1473",59037-350,8433220072,lsluthieria@hotmail.com,,JOSY / SANDRO,,
tagima,2026-09-06,tagima-de9e6d3df4,TIAGO ELIAS LUTHIER,RN,Natal,"Felipe Camarão , Px ao Detran","Rua La Paz , 3880",59072-040,,tiagoelias1127@gmail.com,,Tiago Elias,Seg. a Sex. das 08:00 ás 12:00 e das 13:00 ás 19:00,
tagima,2026-09-06,tagima-aa9ac43df2,MIKEL LUTHIER,RO,Cacoal,,"Rua Anapolina, 1550 Casa - Liberdade",76967-498,6933113352|6984399904,mikelhendrix3@gmail.com,,Mikel Barbosa,08:00 às 18:00,
tagima,2026-09-06,tagima-334d22a433,Douglas Guimaraes Falcão,RR,Boa Vista,,"Rua Traíra, 741 - Santa Teresa , Ao lado da Assembleia de Deus",69314-096,,,,Douglas,Seg. a Sex. das 08:00 ás 12 e das 14:00 ás 18:00,
tagima,2026-09-06,tagima-1042bd6767,T. Cabral Luthieria,RS,Alvorada,,"Rua Mal Humberto de Alencar Castelo Branco , 1075 - Aparecida",94850-810,,tcabralluthier@gmail.com,,Thiago Cabral,Seg. a Sex. das 08:00 ás 12:00 e das 13:00 ás 18:00,
tagima,2026-09-06,tagima-bcc3de37cc,MARCELO MORAES,RS,Montenegro,"Centro , sala 2269","Rua Santos Dumont , 1260",92510-285,51982058666|51997143013|5136324704,marceloguitta2009@hotmail.com,,,SEG A SEX 8:30 AS 12 e das 13:30 AS 18:45,
tagima,2026-09-06,tagima-076ca4c4b8,ANDRÉ FERNANDO WENTZ,RS,Novo Hamburgo,,"Rua 25 de Julho, 292 - Rio Branco",93310-250,5135867241|5191161252,andrefwentz@gmail.com,,,08:00 às 18:00,
tagima,2026-09-06,tagima-74ea6ee9e9,MARINHO GUITARS,RS,PASSO FUNDO,"BOQUEIRÃO , PORTÃO OFICINA OZN","Avenida Brasil Oeste , 1517",99025-083,21994302572|22981258587|5136324704,contatomarinho@hotmail.com,,,,
tagima,2026-09-06,tagima-340b84ffdb,LUTHIERIA ODEON,RS,Pelotas,,"Rua Soledade, 5572 - Laranjal",,,paulinho.odeon@hotmail.com,,,08h ás 11:30h,
tagima,2026-09-06,tagima-286ab90fa1,DUOTEC,RS,Porto Alegre,Centro Histórico,"Rua Coronel Vicente, 401 - Sala 202",90030-041,51991590546,duotec02@gmail.com,,Pedro,,
tagima,2026-09-06,tagima-ceb0aaf863,ROCKER GUITAR TECH,RS,Porto Alegre,,"Avenida Alberto Bins , 366 - Centro Histórico",90030-140,,rockerguitartech@gmail.com,,Victor ou Luciano,De Seg. a Sex. das 10 ás 17,
tagima,2026-09-06,tagima-f358127f1d,CONSERTOS & ARRANJOS,RS,Rio Grande,Cassino,"Rua José Ferreira dos Santos , 77",96207-460,47988253626,juniorluthierblu@gmail.com,,Junior,9:00 às 12hs e das 14 às 18hs de segunda a sexta,
tagima,2026-09-06,tagima-99ce36d7a1,LUTHIER VELTON,RS,São Leopoldo,,"Avenida Integração São Leopoldo, 65 - Feitoria Madezatti",93052-270,5135752680,luthier_velton@yahoo.com.br,,Velton Pedra,,
tagima,2026-09-06,tagima-bc6574d166,REGINATO LUTHIER,RS,Torres,,"Rua Santa Maria, 198 - São Jorge",95560-000,5136052325|5191194237,reginatoluthier@yahoo.com.br,https://www.reginatoluthier.com,Reginato,08:00 às 18:00,
tagima,2026-09-06,tagima-a16bd15e3c,JEAN WOZNIAK,SC,Blumenau,Garcia,"Rua Olinda , 249",89022-310,4791984264,jeanwozniakw135@gmail.com,,,09:00 ás 19:00,
tagima,2026-09-06,tagima-90a3179dd4,CASTELAN LUTHIERIA,SC,Criciúma,Jd Maristela,"Teléforo Machado , 521",88815-310,48998047726,davicastelan@yahoo.com.br,,DAVI,Seg a Sex 08 as 18,
tagima,2026-09-06,tagima-a69e224710,POLVANI LUTHIERIA,SC,Joinville,,"Rua Aracajú, 575 - Saguaçu",89221-500,4734351098|4799941800,polvani@polvaniluthier.com,,Polvani,08:00 às 18:00,
tagima,2026-09-06,tagima-a69746173e,SANDRO & LUTHIER,SC,Joinville,,,,47984222521,sandroluthier@gmail.com,,Sandro,,
tagima,2026-09-06,tagima-b1032af06e,MASTER CLASS LUTHIERIA,SC,Rio dos Cedros,,"Rua Ceará, 45 - Centro",89121-000,4784139908|4792192652,masterclassluthieria@gmail.com,,Josemir,08:00 às 18:00,
tagima,2026-09-06,tagima-0ec0a125c7,BRITO CUSTOM SHOP,SC,São Bento do Sul,Rio Negro,"Rua Ana Roesler Fendrich , 85",89287-120,47999410767|47997756226,britocustomshop@gmail.com,,DEIVID BRITO,SEG a SEX 09 as 12 e das 13 as 18,
tagima,2026-09-06,tagima-2927c2fe27,LUTHIER SILVEIRA,SC,São José,,"Rua João Manuel Da Silva, 1722 - Areias",88113-760,4896588175,luthiersilveira@gmail.com,,Leonardo,10:00 as 19:00,
tagima,2026-09-06,tagima-ecbfcad866,M TECH,SC,Sombrio,,"Travessa Serafim Alves Pereira , 40 , Centro",88960-000,,somnaguitarra@gmail.com,,Romildo Emerim,Seg a Sex das 08:30 ás 12:00 / Das 12:00 ás 18:00,
tagima,2026-09-06,tagima-08ecd60f04,SACHA LUTHIER,SC,Tubarão,,"Rua Natal 153 sala 02, 153 02 - Centro",88705-110,4836325725|4891144799,sachaluthiersc@yahoo.com.br,,Sacha,08:00 às 18:00,
tagima,2026-09-06,tagima-edc6090e6b,J. ELETROMUSIC,SE,Aracaju,,"Rua Lourival Chagas, 465 - Grageru",49025-390,7999928181,j.eletromusic@gmail.com,,João Oliveira,Seg a sexta 09:00h às 12:00h / 14:00h às 18:00h e sábado 09:00h às 13:00h,
tagima,2026-09-06,tagima-0b9bd4d8af,LESSA REPARAÇÃO E PRODUÇÃO MUSICAL,SP,,São Roque,"Rua Enrico DellÁcqua , 325",18130-460,,markaoguitartech@gmail.com,,MARCOS,,
tagima,2026-09-06,tagima-254244ce3e,SCORPION ASSISTÊNCIA TÉCNICA,SP,Araçatuba,,"Av. Mário Covas, 3762 - Jd América",16071-003,1833057115,scorpionassistenciatecnica@gmail.com,,Sonia Maria Menche Paulista,,
tagima,2026-09-06,tagima-bcaf3c92a4,Lemos Luthieria,SP,Batatais,,"Rua dos Antúrios , 191 - Vila Lidia",14300-000,1636624607|16993942243,rogerio@lemosluthieria.com.br,https://www.lemosluthieria.com.br,Rogério Lemos,,
tagima,2026-09-06,tagima-cc9c6f5b05,PÉRCI MUSIC,SP,Campinas,,"Rua Dez, 220 - Jd Campo Belo",13053-155,,percimusicinstrumentos@gmail.com,,Sérgio Alves,Seg. a Sex. das 08:00 ás 18:00 e Sáb. das 08:00 ás 16:00,
tagima,2026-09-06,tagima-60c8d3d7ef,DIRETO DA FÁBRICA,SP,Cotia,,"Avenida Inocêncio Pires de Oliveira , 516 - LJ 8 , Caucaia do Alto",06725-105,1146111616,dudadiretodafabrica@gmail.com,,Gabriela ou Duda,Seg. a Sex. das 09:00 ás 18:00 e Sábados das 09:00 ás 15:00,
tagima,2026-09-06,tagima-a7e3e001d3,LUTHIERIA BRUNELLI,SP,Franca,,"Rua General Osório, 1430 - Centro",14400-520,16999999322,luthieriabrunelli@gmail.com,,Alexandre,,
tagima,2026-09-06,tagima-35e7f7087c,LUTHIERIA GERALDO MAJELA,SP,Franca,,"Rua Das Begônias, 1160 - Jardim Flórida",14403-278,16981148701|1637218169,gmlemos45@gmail.com,,Geraldo Majela,09:00 às 18:00,
tagima,2026-09-06,tagima-cff1fadde1,SEBASTIAN LUTHIERIA,SP,Guaratinguetá,,"Rua Pires Barbosa, 1009 Sala 14 - Campo Do Galvão",12520-020,1231324637,,,Sebastian,09:00 às 19:00,
tagima,2026-09-06,tagima-3547c04228,HARRISON LUTHIER,SP,GUARULHOS,"Jd. Rosa de França , sala 1","Rua Cachoeira , 10",07080-000,11975708555,harrisonluthier@gmail.com,,,Seg a sexta 9h às 18h30 e Sábado 9h às 13h,
tagima,2026-09-06,tagima-ec56fad8c0,MUSICAL GIL SOM,SP,Ituverava,,,,16981218234,loja@musicalgilsom.com.br,,,,
tagima,2026-09-06,tagima-9be43ab2da,D&B Luthieria,SP,Jacareí,,"Av. Carlos Frederico Werneck Lacerda, 442 - Cidade Jardim",12320-410,,luthieriadb@gmail.com,,Boaz de Araujo,,
tagima,2026-09-06,tagima-3465c668a8,KALANG CUSTOM,SP,Lorena,,"Rua Olímpio Catão, 105 Escritório - Cabelinha",12602-090,12991321616,kalangcustom@gmail.com,,Raphael,De segunda á Sexta das 08:00 às 18:00,
tagima,2026-09-06,tagima-9b07b83883,BONINI LUTHIER,SP,Marília,,"Rua Maria Francisca Camargo, 1336 - Jd. Santa Antonieta",17512-380,,guitarclinic565@gmail.com,,Fernando Bonini,De segunda á Sábado com hora marcada,
tagima,2026-09-06,tagima-24ede06f00,IRI BRABO,SP,Marília,,,,1434225008,marquinhosbrabo@gmail.com,,,,
tagima,2026-09-06,tagima-ef17d93474,JORGE COLARES,SP,Marília,,"Rua Kintaro Mitisuca, 390 - Jardim Marajó",17521-176,,jc.luthier@hotmail.com,,Jorge Colares,08:00 às 18:00,
tagima,2026-09-06,tagima-888b92b1a3,D MATTOS,SP,Matão,,,,16999641800,dmattosbassluthier5@gmail.com,,,,
tagima,2026-09-06,tagima-a1febcfaea,GUITAR HOUSE,SP,Mogi Guaçu,,"Travessa Tristão Ferreira Dos Santos , 40 Sala 05 - Centro",13840-034,19992617557|19998998527,julioeduardo58@gmail.com,,Julio Eduardo,14:00 às 19:00,
tagima,2026-09-06,tagima-ce5f4b8266,FRANÇA BARROS LUTHIERIA,SP,Nova Odessa,Nova Odessa,"Avenida Dr. Ernesto Sprogis, 858 - Santa Rosa",13385-086,,alecs@fbluthieria.com.br,https://www.fbluthieria.com.br,Alecsandro,08:00 às 18:00,
tagima,2026-09-06,tagima-01b557da3f,BETO NALIN LUTHIERIA E SHOPREPAIR,SP,PIRACICABA,"PAULICEIA , BARRACÃO","RUA TUPIS , 316",13424-302,19993411606,betonalinluthieria@gmail.com,,,Segunda a sexta das 9h às 19h,
tagima,2026-09-06,tagima-980a0ed84e,RAIMUNDO LUTHIERIA (reparo em pré equalizador),SP,Presidente Prudente,"Centro , SALA 4","AV MANOEL GOULART , 1330",19015-240,,raimundoluthieria@gmail.com,,Raimundo,com agendamento,
tagima,2026-09-06,tagima-49c738bf8e,ATELIER SANDER LIMA NEGÓCIOS MUSICAIS,SP,Presidente Venceslau,,Rua: Rodrigues Alves n° 380 - Baruta,19400-001,,slnegociosmusicais@gmail.com,,Sander Lima,Das 13:00 ás 19:00,
tagima,2026-09-06,tagima-0d7adefe35,DUARTE LUTHIERIA E COMÉRCIO DE ARTIGOS MUSICAIS,SP,Ribeirão Preto,,Rua Clemente Ferreira 530 - Jardim São Luiz,14020-410,16997019871,duarte@duarteluthieria.com,,Duarte,,
tagima,2026-09-06,tagima-ef2e522e70,ROGER LUTHIER,SP,Rio Claro,,,,19998500956,rogerioerbetta10@gmail.com,,Roger,,
tagima,2026-09-06,tagima-27c9640c5f,CSAL SERVIÇOS DE LUTHIERIA,SP,Santo André,,"Rua Dinamarca, 121 Casa - 03 - Parque Das Nações",09280-060,,csluthier@hotmail.com,,Carlos Alberto Notaro,,
tagima,2026-09-06,tagima-a6f1c8229a,MAZONE LUTHIERIA,SP,São Bernardo do Campo,,"Rua Santa Filomena , 234 , Sala 103, Centro",09710-060,,,,Robson,Seg. a Sex das 08:00 ás 17:00,
tagima,2026-09-06,tagima-01dd3312da,BULL GUITAR WORKS,SP,São Carlos,,"Rua Sete de Setembro, 1322 - Centrp",13560-180,,jhowmagri@hotmail.com,,Jonathan Magri,De Segunda á Sexta das 14:00 ás 18:00,
tagima,2026-09-06,tagima-3f3903c8b5,RICI E GREG INSTRUMENTOS MUSICAIS,SP,São José Do Rio Preto,,"Rua Benjamin Constant, 3364 - Centro",15015-600,17988186553,ricieriduque@hotmail.com,,Ricieri,De segunda á Sexta das 08:00 ás 18:00 e Sábado das 09:00 ás 12:00,
tagima,2026-09-06,tagima-2771a2b9d2,GUITARS E CIA,SP,São José dos Campos,,"Rua Alfen Junqueira Pereira , 7 - Vila Ester",12221-630,,tarsoguitarecia@gmail.com,,Yane,Seg. a Sex. das 08:00 ás 18:00 e Sáb. das 09:00 ás 12:00,
tagima,2026-09-06,tagima-e79653c990,SAMUEL SOARES LUTHIER,SP,São José Dos Campos,,"Avenida Guadalupe, 529, sala 07/ Jd. América",12235-000,12997450400,luthieria.samuelsoares@gmail.com,,Samuel,09:00 às 18:00,
tagima,2026-09-06,tagima-72cc56898a,ANDERSON DOS SANTOS,SP,São Paulo,,"Rua Irmão Ivo Bernardo, 46 - Veleiros",04773-070,11979176994,andersonsantee@gmail.com,,Anderson,08:00 às 18:00,
tagima,2026-09-06,tagima-363010f3eb,ATHELIER IPIRANGA,SP,São Paulo,,"Rua Do Reno, 143 - Moinho Velho - Ipiranga",04284-070,11982291277,atendimento@edmarluighi.com.br,,Edmar Luighi,08:00 às 18:00,
tagima,2026-09-06,tagima-a7592c23cb,DANDRETTA LUTHIERIA,SP,São Paulo,,"Rua Conceição De Monte Alegre, 690 - Brooklin",04563-062,1129249680,tunico@dandretta.com,https://www.dandretta.com,Tunico e Emílio,09:00 as 18:00,
tagima,2026-09-06,tagima-80730d83ab,GUERRA GUITARS,SP,São Paulo,,"Rua Dr Olavo Egídio , 56 - Santana",02037-005,1129778758,vitor_guerra@hotmail.com,https://www.guerraguitars.com.br,Vitor Augusto,De Segunda á Sexta das 10:00 às 18:00,
tagima,2026-09-06,tagima-7ae2eb2a62,KA LUTHIERIA LTDA,SP,SÃO PAULO,JD ITACOLOMI,"AV Durval Pinto Ferreira , 323",04386-030,1155622666,,,,,
tagima,2026-09-06,tagima-83dc21ab85,KBR ARTES E COMÉRCIO,SP,São Paulo,,"Rua Costa Rego, 23 - Vila Guilhermina",03542-030,1126851815,kbrartes@kbrartes.com.br,https://www.kbrartes.com.br,Anderson,De segunda á sexta das 09:30 ás 19:00 e sábado das 09:30 ás 13:30,
tagima,2026-09-06,tagima-934a6b07b0,LUTHIER AQUINO,SP,São Paulo,,"Rua Teodoro Sampaio, 665 - Pinheiros",05405-050,,contato@luthieraquino.com.br,https://www.luthieraquino.com.br,EQUIPE AQUINO,08:00 às 16:30,
tagima,2026-09-06,tagima-8a562e5919,LUTHIER MESSIAS,SP,São Paulo,Jd Novo Parelheiros,"Rua Henrique Reimberg , 1228",04890-610,11975429455,luthiermusikaos@gmail.com,,Messias ou Fabiane,terça a sexta 09 as 19hs.,
tagima,2026-09-06,tagima-8ab7ad12b0,MATUSA,SP,São Paulo,Lapa,"Rua Guaricanga , 493",05075-030,1136664593|11971133984,matusaservicelapa@gmail.com,,Rodrigo,Seg. a Sex. das 7h ás 16h,
tagima,2026-09-06,tagima-bc2ba5aeb8,MTS LUTHIERIA,SP,São Paulo,,"Rua Itapiru, 113 - Saúde",04143-010,11953963698,mtsborges@live.com,,Matheus Borges,09:00 às 17:00,
tagima,2026-09-06,tagima-c60e97e879,SANTA RITA PRO MUSIC,SP,SÃO PAULO,SÃO GERALDO (PENHA),"Rua Caquito , 348",03607-000,11950704901|1127698595,rodrigomhm.rr@gmail.com,,RODRIGO,,
tagima,2026-09-06,tagima-48f070cb77,CAIO FELIPE LUTHIER,SP,São Roque,,"Rua das Rosas , 187 - Jardim São José",,1147128952|11998179976,caiofelipeluthier@gmail.com,,Caio Felipe Vieira Cardoso,,
tagima,2026-09-06,tagima-b25e20014d,LUTHIERIA ICARO MATOS,SP,São Sebastião,,"Alameda dos Mergulhões, 122 Casa 5 - Maresias",11628-213,,luthieriaicaromatos@gmail.com,,Icaro de Matos,,
tagima,2026-09-06,tagima-03b636e78b,E3AUDIO,SP,Suzano,,"Rua Expedicionário Cabo Katsuo Miyazato, 57 - Centro",08674-190,11953155621,edson@e3audio.com.br,https://www.e3audio.com.br,Edson,09:00 às 18:00,
tagima,2026-09-06,tagima-3eaaf37686,GDOMINGUES LUTHIERIA,SP,TATUI,DR LAURINDO,"Rua Major Martiniano Soares , 951",18271-630,15996225266,gabizaodomingues@gmail.com,,,Apenas com horário e dia agendados.,
tagima,2026-09-06,tagima-666edccda1,THE GRAPES GUITAR SHOP,SP,Vinhedo,,"Rua Antonio Maria Torres Filho, 49 - SALA 4 - Subsolo - Jd. Flora",13280-166,1938363750,contato@thegrapes.com.br,https://www.thegrapes.com.br,Leonardo Bertassini,De Segunda á Sexta das 10:00 ás 17:00 e Sábados das 10:00 ás 14:00,
tagima,2026-09-06,tagima-91f983b40b,ALBERGONI LUTHIER,SP,Votorantim,"CENTRO , SALA SUPERIOR","RUA PAULA NEY , 485",18110-045,15988311804,albergoni.luthieria@gmail.com,,Lucas Albergoni,Segunda à sexta das 10h às 18:30h,
tagima,2026-09-06,tagima-0cd0c4303a,SANDOVAL LUTHIER,TO,Palmas,,"Portal do lago -quadra 30 - lote 19 - lusimangues, Porto Nacional TO , Lote 37 - casa 2",77001-276,,sanmusic31@hotmail.com,,Sandoval,,
tectronica,2026-09-06,tectronica-8076ed0000,EGNALDO LUTHIER,AL,Maceió,,"Avenida Moreira e Silva, 40 Centro",57051-500,8233210864,egnaldoluthier@gmail.com,,,,
tectronica,2026-09-06,tectronica-cb72e6cc2f,HI FI ELETRONIC,AL,Maceió,,"Rua Dr. Guedes Gondim, 278 Centro",57020-260,8233265102,hifieletronic@uol.com.br,,,,
tectronica,2026-09-06,tectronica-ce97d23a08,DILSON PASSOS DOS SANTOS - ME,BA,Alagoinhas,,"Rua Santo Antonio, 04 Teresópolis",48080-130,7531814947,df.eletronica2@gmail.com,,,,
tectronica,2026-09-06,tectronica-e8ccd3e045,SINAL ELETRÔNICA,BA,Itabuna,,"AV. PRINCESA ISABEL, SÃO CAETANO",45607-123,7336135835,sinal@okbahia.com,,,,
tectronica,2026-09-06,tectronica-69d144e3cb,AM Custom,BA,Salvador,,"Rua Dorival Caymmi, 14307 BA Shopping - Sala 107 - Itapuã",41635-150,71994108573,am_custom@outlook.com,,,,
tectronica,2026-09-06,tectronica-9bc9f71f79,PLAY NOURISH COMERCIO E SERVIÇOS LTDA,BA,Salvador,,"AV. VALE DO TORORO, TORORO",40050-290,,playmusic-ba@hotmail.com,,,,
tectronica,2026-09-06,tectronica-556ed8759f,ELETRÔNICA ITASOM,CE,Fortaleza,,"Rua Padre Ibiapina, 1365 Centro",60010-690,8532231856,itasomtecnica@hotmail.com,,,,
tectronica,2026-09-06,tectronica-c16640b78e,BSB,DF,Brasília,,"Q CLN, 310 Bloco B - Loja Parte B31 - Asa Norte",70756-620,6192240684,contato.bsbeletro@gmail.com,,,,
tectronica,2026-09-06,tectronica-9a776aa074,SHARCOLOR ELETRÔNICA,ES,Vitória,,"AV. MARECHAL MASCARENHAS DE MORAES, BENTO FERREIRA",29050-667,2732274575|2730947274,sharcolor@uol.com.br,,,,
tectronica,2026-09-06,tectronica-23a0660313,HE SERVICE,GO,Goiânia,,"Rua Corumba, 140 Campinas",74523-410,6232911138,sac@heservice.com.br,,,,
tectronica,2026-09-06,tectronica-375b2b17e1,RONALD SERVICE ELETRONICS,MA,Imperatriz,,"RUA LEONCIO PIRES DOURADO, 1913 BACURI",65901-020,98991231991,ronaldgeria@ig.com.br,,,,
tectronica,2026-09-06,tectronica-c093f108a1,SILVATECK,MA,São Luís,,"RUA DO ALECRIM, CENTRO",65010-040,9832210654,silvateckassistencia@gmail.com,,,,
tectronica,2026-09-06,tectronica-bf8c3cb678,JV ELETRÔNICA LTDA - ME,MG,Belo Horizonte,,"Rua Padre Eustaquio, 1620 Carlos Prates",30710-580,3132010528,eletronicajv.bh@hotmail.com,,,,
tectronica,2026-09-06,tectronica-f09aa2bd4c,AUDIOTECH ELETRÔNICA (MONTES CLAROS),MG,Montes Claros,,"Rua Arandi, 112 Alto São João",39400-311,3832142192,renato@audiotecheletronica.com,,,,
tectronica,2026-09-06,tectronica-2fc8170cdd,Assistec Patrocinio,MG,Patrocinio,,"São Benedito, 241 São Vivente",38740-000,3488321953,edimaraparecidodosreis@hotmail.com,,,,
tectronica,2026-09-06,tectronica-804780d89f,WALTER LUTHIER,MG,São João Del Rei,,"RUA BATISTA ANDRADE, SÃO GERALDO",36300-374,3233730319,waltinholuthier@gmail.com,,,,
tectronica,2026-09-06,tectronica-0f7b554886,AUDIOTECH ELETRÔNICA LTDA (UBERLÂNDIA),MG,Uberlândia,,"Avenida Afonso Pena, 2510 Aparecida",38400-708,3432324053,audiotech_rafael@hotmail.com,,,,
tectronica,2026-09-06,tectronica-c74487c3ab,GUITAR HELP - INSTRUMENTOS DE CORDAS,MG,Uberlândia,,"Rua Rivalino Pereira, 325 Martins",38400-344,3432109329,guitar@guitarhelp.com.br,,,,
tectronica,2026-09-06,tectronica-bcd25062aa,ELETRÔNICA VIP,MS,Vila Cidade,,"Rua Antonio Maria Coleho, 1966 Vila Cidade",79002-220,6730252244,,,,,
tectronica,2026-09-06,tectronica-1f2a1e2078,SIGMA ELETRÔNICA,MT,Cuiabá,,"RUA DAS ORQUIDEAS, Bosque Saude",78050-010,6530232262,atendimentosigma1@gmail.com,,,,
tectronica,2026-09-06,tectronica-3ae59e2111,CSTE COMÉRCIO E SERVIÇO,PA,Belém,,"TRAVESSA 14 DE ABRIL, 791 ATE 1282/1283 TERRENO - FATIMA",66060-460,9132229917,scoelho40@hotmail.com,,,,
tectronica,2026-09-06,tectronica-5593cd1e22,Araujo Eletrônica,PA,Castanhal,,"Rua Benedita Celestina, 123 Santa Catarina",68746-728,91988907571,senho-forca@hotmail.com,,,,
tectronica,2026-09-06,tectronica-7e557584b5,WORD ELETRÔNICA.COM,PB,Campina Grande,,"RUA MANOEL CAVALVANTE BELO, 105 CENTRO",58400-112,8330886674,fabioleonardo29@hotmail.com,,,,
tectronica,2026-09-06,tectronica-d517563a3e,CPTECH MANUTENÇÃO EM ÁUDIO,PE,Recife,,"Rua João Fernandes Vieira, 574 Sala 403 - Boa Vista",50050-245,8134222038,cp-tec@hotmail.com,,,,
tectronica,2026-09-06,tectronica-7f37a1d6bb,CLAVE DE SOM,PR,Curitiba,,"Rua Paranagu, 559",80610-025,4133338620,contato@claveassistencia.com.br,,,,
tectronica,2026-09-06,tectronica-fdb1ec977c,DAT ÁUDIO PROFISSIONAL,PR,Foz do Iguaçu,,"Santos Dumont, 1540 Centro",85851-040,4530292850,dat.audio@hotmail.com,,,,
tectronica,2026-09-06,tectronica-22c5f693db,EXODUS LUTHERIA CUSTOM,PR,Paranavaí,,"RUA ARLETE BORGES BULGUEROLLI, Jardim das Nações",87703-527,4498856082,exodusluthieria@outlook.com,,,,
tectronica,2026-09-06,tectronica-962bef209e,MR BARRETO CABRAL JUNIOR ME,RJ,Campos dos Goytacazes,,"RUA DOUTOR JOÃO MARIA , PQ JOÃO MARIA",28027-310,2220307021,,,,,
tectronica,2026-09-06,tectronica-3049248b06,SWITCH MUSICAL ÁUDIO,RJ,Duque de Caxias,,"RUA MARIANO SENDRA DOS SANTOS , CENTRO",25010-080,2127838961,switchcaxias@yahoo.com.br,,,,
tectronica,2026-09-06,tectronica-a25eada0d4,MEGA-SOM,RJ,Nova Friburgo,,"Rua Mac Niven, 04 Terreo / Loja - Centro",28613-220,2225228547,megasomfri@gmail.com,,,,
tectronica,2026-09-06,tectronica-b2d263c125,GR ÁUDIO LTDA,RJ,Rio de Janeiro,,"Avenida das Américas, 2300 Bloco B - Sala 127 - Barra da Tijuca",22640-101,2133259174,graudiomusical@gmail.com,,,,
tectronica,2026-09-06,tectronica-6aa19021f3,LS LUTHIERIA,RN,Natal,,"Rua dos Paianazes, 1473 Alecrim",59037-000,8433220072,lsluthieria@hotmail.com,,,,
tectronica,2026-09-06,tectronica-c30e9a44e5,CÂMERAS COM. ELETRÔNICA,RO,Porto Velho,,"Rua João Goulart, 2061 São Cristovão",76804-034,6932236873,tec.maq.pvh@hotmail.com,,,,
tectronica,2026-09-06,tectronica-ab2206eb6d,CAROLINE MERLINI,RS,Alto Feliz,,"Rua Julio de Castilho, 949 Apt 04 - Centro",95773-000,5496173427,leaandro-guapo@live.com,,,,
tectronica,2026-09-06,tectronica-441a1bedf4,DA ROCHA SOLIDEZ EM TECNOLOGIA,RS,Canoas,,"Rua Liberdade, 1468 Marechal Rondon",92020-240,5134281313,vanderson@drtecnologia.com.br,,,,
tectronica,2026-09-06,tectronica-d856816079,LEAL E LEAL ELETRÔNICA LTDA,RS,Caxias do Sul,,"Rua Visconde de Pelotas, 1176 Exposição",95020-183,5432238422,assistec.leal@gmail.com,,,,
tectronica,2026-09-06,tectronica-fdc229d30a,SOM MAIOR PRO,RS,Frederico Westphalen,,"Rua Mauricio Cardoso, 1050 Aparecida",98400-000,5537441358,sommaiorpro@sommaiorpro.com.br,,,,
tectronica,2026-09-06,tectronica-642edfebeb,CEGRA ELETRÔNICA,RS,Gravataí,,"Avenida Dorival Candido Luz de Oliveira, 489 Centro",94030-001,5130422830,cegrars@yahoo.com.br,,,,
tectronica,2026-09-06,tectronica-f169da88cc,ELETRÔNICA RADAR,RS,Imbé,,"AV PARAGUASSU, Mariluz Norte",95625-000,5136272704,elianiradar@gmail.com,,,,
tectronica,2026-09-06,tectronica-cd8736307d,C.SERVICE ASSISTÊNCIA TÉCNICA,RS,Passo Fundo,,"Avenida Presidente Vargas, 3007 São Cristovão",99064-000,5430453331,c.service@outlook.com.br,,,,
tectronica,2026-09-06,tectronica-f44887f1ee,Alpha Eletrônica,RS,Pelotas,,"Rua Lobo da Costa, 424 - Centro",96010-150,5333053445,alphaeletronica.assis@gmail.com,,,,
tectronica,2026-09-06,tectronica-98d89d2477,BILLS ROCK GUITAR TECH,RS,Porto Alegre,,"AV ALBERTO BINS, CENTRO",90030-140,5130228859,billmatte@gmail.com,,,,
tectronica,2026-09-06,tectronica-49afcd841b,DIGISOM GW,RS,Porto Alegre,,"Avenida Para, 997 Sala 03 - São Geraldo",90240-592,51991419023,digisom@terra.com.br,,,,
tectronica,2026-09-06,tectronica-1762de2a29,ELBIO JOEL MATTE - ME,RS,Porto Alegre,,"Avenida Alberto Bins, 550 Loja 02 - Centro Histórico",90030-140,51999135939,billmatte@gmail.com,,,,
tectronica,2026-09-06,tectronica-76e791ead0,MGATTI LUTHIERIA,RS,Porto Alegre,,"AV. ALBERTO BINS, CENTRO HISTORICO",90030-140,5139060311,gattimarcelo@gmail.com,,,,
tectronica,2026-09-06,tectronica-7cc928f359,KAMMING INSTRUMENTOS MUSICAIS,RS,São Leopoldo,,"Rua Regina Mundi, 401 Cristo Rei",93020-280,5192725314,tkamming@yahoo.com.br,,,,
tectronica,2026-09-06,tectronica-b7b42f70ad,GARAGEM DAS BANDAS LUTHIERIA,SC,Fraiburgo,,"RUA: JOSÉ FAGUNDES , JD AMÉRICA",89580-000,4999757612,garagemdasbandas@outlook.com,,,,
tectronica,2026-09-06,tectronica-ca8f52e767,GTR ELETRONICS ELETRÔNICA,SC,Itajaí,,"Rua Israel de Almeida,298 São Vicente",88312-000,47992299370,gtreletronics@hotmail.com,,,,
tectronica,2026-09-06,tectronica-1e6ae02a21,DIGISOM ELETRÔNICA LTDA,SC,São José,,"Rua Anna Orlandina Maciel, 251 Centro",88103-120,4832253347,ev2.service.sc@gmail.com,,,,
tectronica,2026-09-06,tectronica-eba6698ec2,J. ELETROMUSIC,SE,Aracaju,,"Rua Lourival Chagas, 465 Grageru",49025-390,7930220372,j.eletromusic@ig.com.br,,,,
tectronica,2026-09-06,tectronica-00742abe10,SONORA SOM,SE,Aracaju,,"RUA MONSENHOR SILVEIRA , SÃO JOSÉ",49015-030,7932158234,sonora1carlos@gmail.com,,,,
tectronica,2026-09-06,tectronica-35343e3885,G. A. DOS SANTOS MORELLI,SP,Americana,,"Avenida Campos Salles, 382 Vila Jones",13465-590,1936456190,,,,,
tectronica,2026-09-06,tectronica-3fa26c5df8,CARLOS GODOY,SP,Bauru,,"Rua Almeida Brandão, 976 - Higienópolis",17013-421,1432241092,cacgodoy@uol.com.br,,,,
tectronica,2026-09-06,tectronica-df6f4c436b,ELETRÔNICA AUDIOCARE,SP,Campinas,,"Avenidade Dr. Angelo Simoes, 1224 Jardim Leonor",13041-150,1932015008,contatoaudiocare@gmail.com,,,,
tectronica,2026-09-06,tectronica-6980ea13f1,LUTHIERIA BRUNELLI,SP,Franca,,"Av. Wanderlei Mancini, 1730 1705 (Corresp.) - Pq. Vicente Leporaci",14407-325,16999999322,luthieriabrunelli@gmail.com,,,,
tectronica,2026-09-06,tectronica-4e6751d3c4,FELTRONIC,SP,Jaú,,"Rua Doutor Italo Peccioli, 203 Jd. Ferreira Dias",17209-690,1436227347,feltronic@feltronic.com.br,,,,
tectronica,2026-09-06,tectronica-b112529484,ELETRÔNICA SAI,SP,Jundiaí,,"Rua Bom Jesus de Pirapora, 1640 Jundianopolis",13207-605,1145875176,eletronica@eletronicasai.com.br,,,,
tectronica,2026-09-06,tectronica-8df9260595,Antônio Pádua Duarte Rodrigues,SP,Limeira,,"Rua São João, 31 Vila São João",13480-740,3134416004,lamarca@lamarcaproaudio.com.br,,,,
tectronica,2026-09-06,tectronica-fc7c86847e,AUDIO TECH ELETRÔNICA,SP,Limeira,,"Av. Piracicaba, CENTRO",13480-743,1934970658,audiotech@ig.com.br,,,,
tectronica,2026-09-06,tectronica-27c4a6dcfa,MUSIC-TEC ASSISTÊNCIA TÉCNICA,SP,Mogi das Cruzes,,"RUA BARAO DE JACEGUAI, CENTRO",08710-165,1197151865,musictecmogi@uol.com.br,,,,
tectronica,2026-09-06,tectronica-0b5d0746be,TECNOLAB ASS.TÉCNICA EM EQUIP. DE ÁUDIO,SP,Piracicaba,,"RUA TIRADENTES, Centro",13400-760,1934028419|1930355009,mc.cazon@yahoo.com,,,,
tectronica,2026-09-06,tectronica-15e8ac9e33,AUDIOART,SP,Pirassununga,,"Rua Siqueira Campos, 2351 Centro",13631-010,1935613403,contato@audioartbr.com,,,,
tectronica,2026-09-06,tectronica-2bbc8d5d4f,ESTAÇÃO ACÚSTICA STUDIO,SP,Praia Grande,,"Rua Plínio Salgado, 49 St. do Campo",11724-060,1333029000,estacaoacustica@ig.com.br,,,,
tectronica,2026-09-06,tectronica-8b091bdcfd,DUARTE LUTHERIA,SP,Ribeirão Preto,,"Rua Florêncio de Abreu, 1811 Sobreloja - Centro",14015-060,16997019871,duarte@duarteluthieria.com,,,,
tectronica,2026-09-06,tectronica-6e050b4e72,GFS TECH I,SP,Ribeirão Preto,,"Rua Tamandare, 1344 Campos Eliseos",14085-070,1636128817,atendimento@gfstech.com,,,,
tectronica,2026-09-06,tectronica-d5c1801f47,GFS TECH II,SP,Ribeirão Preto,,"R. Princesa Isabel, 642",14085-120,1636128817,atendimento2@gfstech.com,,,,
tectronica,2026-09-06,tectronica-fde3225c04,Tectrônica,SP,São Paulo,,"Rua Carlos Camargo Aranha, 12 Unidade I - Jardim São Paulo",02068-000,,atendimento@tectronica.com.br,,,,
tectronica,2026-09-06,tectronica-9834651cf4,BELLONI LUTHIER,SP,Sorocaba,,"Rua Nicolau Pereira Campos Vergueiro, 29 Centro",18035-300,15997920035,belloni.luthier@outlook.com.br,,,,
tectronica,2026-09-06,tectronica-7d0474f648,HITEC AUDIO SERVICE,SP,Taubaté,,"Av. Juscelino K. de Oliveira, 238 Jd. Eulalia",12010-600,1236321127,hitecaudio@hitecaudio.com.br,,,,
tectronica,2026-09-06,tectronica-c7007341fc,ELETRÔNICA PAULISTA,SP,Votuporanga,,"Avenida Brasil, 4929 Sala 02 - Lot Santa Alice",15500-051,1734216947,eletronica-paulista@hotmail.com,,,,
yamaha,2026-09-06,yamaha-b304c6d246,ELETRONICA VIDEO TEC,AC,,,"AVENIDA CHICO MENDES, 4068 – CORRENTE - RIO BRANCO, AC",,6832210437,,,,,"Teclados e pianos digitais, Áudio e vídeo, Áudio profissional e home studio"
yamaha,2026-09-06,yamaha-0632f564c8,EGNALDO LUTHIER,AL,,,"AV. MOREIRA E SILVA, 40 - FAROL (centro) - MACEIO, AL",,8232210864,,,,,"Violões, guitarras e baixos"
yamaha,2026-09-06,yamaha-9372f2ef0e,HI-FI ELETRONIC,AL,,,"RUA DR. GUEDES GONDIM, 278 - CENTRO - MACEIÓ, AL",,8230340081,,,,,"Teclados e pianos digitais, Áudio e vídeo, Áudio profissional e home studio"
yamaha,2026-09-06,yamaha-91c8a0e24e,ATSE COMERCIO,AM,,,"AV. CONSTANTINO NERY, 289 – CENTRO - MANAUS, AM",,9232326188,,,,,"Teclados e pianos digitais, Áudio e vídeo, Áudio profissional e home studio"
yamaha,2026-09-06,yamaha-8cc0c67867,OFICINA DE PIANOS SH,AM,,,"RUA SARGENTO SOMBRA, 87 CASA - FLORES - MANAUS, AM",,92991516264|92982147207,,,,,Pianos acústicos
yamaha,2026-09-06,yamaha-8b820bbaa6,TUPANA,AM,,,"RUA ALVARES DE AZEVEDO, 128 ANDAR 2 SALA 20 - COMPENSA - MANAUS– AM",,9236254212,,,,,"Teclados e pianos digitais, Áudio profissional e home studio"
yamaha,2026-09-06,yamaha-be45214d71,ASSISTENCIA T OMURA,AP,,,"RUA LEOPOLDO MACHADO, 4142 – BEIROL – MACAPÁ, AP",,9632414494,,,,,"Teclados e pianos digitais, Áudio e vídeo, Áudio profissional e home studio"
yamaha,2026-09-06,yamaha-91f3e40c96,AM CUSTOM,BA,,,"AV. DORIVAL CAYMMI, 14307 -ITAPUÃ- SALVADOR,BA",,7135612529,,https://www.instagram.com/luthier.adailton,,,"Violões, guitarras e baixos"
yamaha,2026-09-06,yamaha-4fd0076aba,ATELIER DE INSTRUMENTOS DE SOPRO,BA,,,"RUA DOS PROTESTANTES, 22 - ED. HUMBERTO 1º SS 05 - GARCIA - SALVADOR, BA",,71999336283,,,,,BI
yamaha,2026-09-06,yamaha-e21e6851ca,DF ELETRONICA,BA,,,"RUA SANTO ANTONIO, 4 - CASA - TERESÓPOLIS - ALAGOINHAS, BA",,7531814947,,,,,"Teclados e pianos digitais, Áudio e vídeo, Áudio profissional e home studio"
yamaha,2026-09-06,yamaha-ea4caa1fff,DIGITAL ELETRONICA,BA,,,"RUA JARACATIÁ, 1048 - CAMINHO DAS ÁRVORES - SALVADOR, BA",,7134511234,,,,,"Teclados e pianos digitais, Áudio e vídeo, Áudio profissional e home studio"
yamaha,2026-09-06,yamaha-4f0fc58a6e,DR. AS ELETRONICA,BA,,,"RUA MACHADO MONTEIRO, 82 - CAMINHO DE AREIA - SALVADOR - BA",,7133145271,,,,,"Teclados e pianos digitais, Áudio e vídeo, Áudio profissional e home studio"
yamaha,2026-09-06,yamaha-ea10fbcf41,ELETRÔNICA DÓREA,BA,,,"AV. DOM JOÃO VI, 22A - BROTAS - SALVADOR, BA",,7132446390,,,,,"Teclados e pianos digitais, Áudio e vídeo, Áudio profissional e home studio"
yamaha,2026-09-06,yamaha-c84e262616,PANATEC,BA,,,"RUA CRISTÓVÃO BARRETO, 351 - SERRARIA BRASIL - FEIRA DE SANTANA , BA",,7532237885,,,,,"Teclados e pianos digitais, Áudio e vídeo, Áudio profissional e home studio"
yamaha,2026-09-06,yamaha-42577de9b8,SINAL ELETRÔNICA,BA,,,"AV. PRINCESA ISABEL, 935 - SÃO CAETANO - ITABUNA, BA",,73988449076|73991745080,,,,,"Teclados e pianos digitais, Áudio e vídeo, Áudio profissional e home studio"
yamaha,2026-09-06,yamaha-51e81ef775,TECNOCENTRO ELETRONICA,BA,,,"AV AFRANIO PEIXOTO, 95 - PERIPERI - SALVADOR - BA",,7133970040,,,,,"Teclados e pianos digitais, Áudio e vídeo, Áudio profissional e home studio"
yamaha,2026-09-06,yamaha-e52a4087e9,ASSIS PIANOS,CE,,,"AV. PRES. CASTELO BRANCO, 2149 - JACARECANGA - FORTALEZA, CE",,8532437684|8532819313|85996224480,,,,,Pianos acústicos
yamaha,2026-09-06,yamaha-f77c567a31,ELETRÔNICA ITASOM,CE,,,"AV. PADRE IBIAPINA, 1365 - JACAREACANGA - FORTALEZA, CE",,8532231856,,,,,"Teclados e pianos digitais, Áudio e vídeo, Áudio profissional e home studio"
yamaha,2026-09-06,yamaha-36705502a7,LUTHITEC,CE,,,"RUA NOGUEIRA ACIOLI, 1400 - CENTRO - FORTALEZA - CE",,85981332083|8530161123,,,,,"Teclados e pianos digitais, Áudio e vídeo, Áudio profissional e home studio"
yamaha,2026-09-06,yamaha-77ce712e4d,REPAROS MÚSICA,CE,,,"AVENIDA AGUANAMBI, 2479 - FÁTIMA - FORTALEZA, CE",,8530225465|85986300138,,,,,BI
yamaha,2026-09-06,yamaha-1bef07e05a,CASA DO PIANO,DF,,,"NÚCLEO RURAL CÓRREGO DA ONÇA RUA C CHACARA, 03 - NÚCLEO BANDEIRANTE - BRASÍLIA, DF",,6130366405|61999702964,,,,,Pianos acústicos
yamaha,2026-09-06,yamaha-7271a9e347,HOSPITAL DO SAXOFONE,DF,,,"SHCG NORTE CLR QD 712 BLOCO F LOJA 27 - ASA NORTE - BRASILIA, DF",,6130334389|61986043506,,,,,BI
yamaha,2026-09-06,yamaha-83a472da2a,MUSITRON,DF,,,"ADE CONJUNTO 09 LOTE 21 - AGUAS CLARAS - BRASILIA, DF",,6134045520,,,,,"Teclados e pianos digitais, Áudio e vídeo, Áudio profissional e home studio"
yamaha,2026-09-06,yamaha-0c2cf81eed,OFICINA MELODICA,DF,,,"QUADRA C 12, 08 - BLOCO C LOJA 08 - TAGUATINGA CENTRO - TAGUATINGA, DF",,6133516885,,,,,"Violões, guitarras e baixos"
yamaha,2026-09-06,yamaha-d3406b9627,FELIPE PIANOS,ES,,,"AV. DOUTOR OLIVIO LIRA, 450 - CENTRO - VILA VELHA, ES",,2730342507|27999211733,,,,,Pianos acústicos
yamaha,2026-09-06,yamaha-b19cbb00c5,LA MANUTENÇÃO EM INSTRUMENTOS DE SOPRO,ES,,,"RUA ANICETO FERREIRA LIMA, 336 - SALA 104 - SANTA MÔNICA - VILA VELHA, ES",,2730776361|27999554009,,,,,BI
yamaha,2026-09-06,yamaha-c947a5482c,SHARCOLOR,ES,,,"AV. MARECHAL MASCARENHAS DE MORAES, 2577 - BENTO FERREIRA - VITÓRIA, ES",,2733243931,,,,,"Teclados e pianos digitais, Áudio e vídeo, Áudio profissional e home studio"
yamaha,2026-09-06,yamaha-15dc7a00e7,TELEMATICA,ES,,,"AV. JERONIMO MONTEIRO, 155 - JUBURUMA - VILA VELHA, ES",,2721243634,,,,,"Teclados e pianos digitais, Áudio e vídeo, Áudio profissional e home studio"
yamaha,2026-09-06,yamaha-56604aaaf2,VECTOR LUTHIERIA,ES,,,"RUA CASSEMIRO DE ABREU, 310 - LOJA 1 - PARQUE RESIDENCIAL LARANJEIRAS - SERRA - ES",,27998292091,,,,,"Violões, guitarras e baixos"
yamaha,2026-09-06,yamaha-73ab79face,VITAL ELETRONICA,ES,,,"RUA DR DE OLINDO, 14 - BAIMINAS - CACHOEIRO DE ITAPEMIRIM, ES",,2835222809,,,,,"Teclados e pianos digitais, Áudio e vídeo, Áudio profissional e home studio"
yamaha,2026-09-06,yamaha-9dfc280105,ELIEL CARLOS,GO,,,"RUA MARACAIBO, 52 - QUADRA 216 LOTE 10 JARDIM NOVO MUNDO GOIANIA - GO",,62981266942,,,,,Pianos acústicos
yamaha,2026-09-06,yamaha-a73b41ce65,HE SERVIÇOS,GO,,,"RUA CORUMBÁ, 140 - CAMPINAS - GOIANIA, GO",,6232911138,,,,,"Teclados e pianos digitais, Áudio e vídeo, Áudio profissional e home studio"
yamaha,2026-09-06,yamaha-ea3971ae8e,SAXON INSTRUMENTOS,GO,,,"AV. ALEXANDRE DE MORAIS, 1962 - PARQUE AMAZÔNIA – GOIÂNIA, GO",,6232137408|62982557140,,,,,"BI, Violões, guitarras e baixos"
yamaha,2026-09-06,yamaha-ddc63530fb,SERGIO PIANOS,GO,,,RUA 2011 UNIDADE 201 LOTE 32 CASA 1 - Goiânia - GO,,62999720955,,,,,Pianos acústicos
yamaha,2026-09-06,yamaha-2973ad9fa6,IMELODIA,MA,,,"RUA NOVA, QUADRA H - CASA 4 - SITIO LEAL - SÃO LUIS, MA",,9832384669|98999639280,,,,,BI
yamaha,2026-09-06,yamaha-f64c939f14,RONALD SERVICE ELETRONICS,MA,,,"RUA LEONCIO PIRES DOURADO, 1913 - BACURÍ - IMPERATRIZ, MA",,9935266362,,,,,"Teclados e pianos digitais, Áudio e vídeo, Áudio profissional e home studio"
yamaha,2026-09-06,yamaha-d47a40c242,SILVATECK,MA,,,"RUA DO ALECRIM, 352 – SALA 01 - CENTRO - SÃO LUIZ, MA",,9832210654,,,,,"Teclados e pianos digitais, Áudio e vídeo, Áudio profissional e home studio"
yamaha,2026-09-06,yamaha-dfff5c941a,AUDIO TEC,MG,,,"RUA ABAIBA, 324 - LOJA - SÃO PAULO - BELO HORIZONTE, MG",,3134323655,,,,,"Teclados e pianos digitais, Áudio e vídeo, Áudio profissional e home studio"
yamaha,2026-09-06,yamaha-9167b6da2a,AUDIOTECH ELETRÔNICA,MG,,,"R. Jaguaribe, 272 - Alto São João, Montes Claros - MG",,3832142192,,,,,"Teclados e pianos digitais, Áudio e vídeo, Áudio profissional e home studio"
yamaha,2026-09-06,yamaha-32a3bc1028,CASA TENOR,MG,,,"RUA BELMIRO BRAGA, 10 - VILA PASSOS NOVA LIMA - NOVA LIMA, MG",,3135419719|31993585946,,,,,BI
yamaha,2026-09-06,yamaha-fb52d6eb9d,DEUSTSCH PIANO - MOTTA,MG,,,"RUA COROMANDEL, 21 - LOJAS 02 E 03 - GRAÇA - BELO HORIZONTE, MG",,3134255694|31999194377,,,,,Pianos acústicos
yamaha,2026-09-06,yamaha-cce27ed919,EQUIPCENTER.TV,MG,,,"RUA TEOFILO OTONI, 185 - SÃO BENEDITO - UBERABA, MG",,3433160846,,,,,"Teclados e pianos digitais, Áudio e vídeo, Áudio profissional e home studio"
yamaha,2026-09-06,yamaha-739ad451d8,HENRIQUE UTSCH,MG,,,"RUA PROFESSOR MORAES, 43 - SAVASSI - BELO HORIZONTE, MG",,3136585888|31983536545,,,,,"Violões, guitarras e baixos"
yamaha,2026-09-06,yamaha-a52a608341,MC VIDEO SOM,MG,,,"AV. RIO BRANCO,1104 LJ 1088/1082 - LIDICE - UBERLANDIA, MG",,3432365825,,,,,"Teclados e pianos digitais, Áudio e vídeo, Áudio profissional e home studio"
yamaha,2026-09-06,yamaha-1032678cf4,MUNDO DAS CORDAS,MG,,,"RUA BERNARDO GUIMARAES, 3032 LOJA - BARRO PRETO - BELO HORIZONTE, MG",,3132012519,,,,,"Violões, guitarras e baixos"
yamaha,2026-09-06,yamaha-96c17b53f3,SONORA SOLUÇÕES,MG,,,"RUA SABARÁ, 09 - SALA 104 - CENTRO - IPATINGA, MG",,3130910610,,,,,"Teclados e pianos digitais, Áudio e vídeo, Áudio profissional e home studio"
yamaha,2026-09-06,yamaha-cbdb222fd4,TECHNOCENTERBH,MG,,,"AV AUGUSTO DE LIMA, 1263 - LOJA 20C - BARRO PRETO - BELO HORIZONTE, MG",,3135646476,,,,,"Teclados e pianos digitais, Áudio e vídeo, Áudio profissional e home studio"
yamaha,2026-09-06,yamaha-1ccefe97ac,TELEVISOM ELETRÔNICA,MG,,,"RUA ANTONIO DIAS TOSTES, 518 - GRANBERY - JUIZ DE FORA, MG",,3232136742,,,,,"Teclados e pianos digitais, Áudio e vídeo, Áudio profissional e home studio"
yamaha,2026-09-06,yamaha-5cd2a8895d,ELETRÔNICA VIP LTDA,MS,,,"RUA ANTONIO MARIA COELHO,1966 - CENTRO - CAMPO GRANDE - MS",,6730252244,,,,,"Teclados e pianos digitais, Áudio profissional e home studio"
yamaha,2026-09-06,yamaha-e827d64c81,PIANOTEC - ALBINO,MS,,,"RUA PADRE JOÃO CRIPPA, 3001 - MONTE CASTELO - CAMPO GRANDE, MS",,6733259057|6796127007,,,,,Pianos acústicos
yamaha,2026-09-06,yamaha-009defedda,CF CRIACAO MUSICAL,MT,,,"RUA PRESIDENTE JUSCELINO KUBITSCHEK DE OLIVEIRA, 286 - QUILOMBO - CUIABA- MT",,65981345566,,,,,Pianos acústicos
yamaha,2026-09-06,yamaha-3d13fb559a,GIDEAO SANTA ATELIER,MT,,,"RUA GENERAL RABELLO, Nº 257 - DUQUE DE CAXIAS - CUIABA - MT",,6530287002,,,,,BI
yamaha,2026-09-06,yamaha-c24a3cabb3,SIGMA ELETRÔNICA,MT,,,"RUA DAS ORQUIDEAS, 600 - BOSQUE DA SAÚDE - CUIABÁ, MT",,6530232262,,,,,"Teclados e pianos digitais, Áudio e vídeo, Áudio profissional e home studio"
yamaha,2026-09-06,yamaha-2a3c3bd914,ARAÚJO ELETRÔNICA,PA,,,"RUA BENEDITA CELESTINA, 123 - SANTA CATARINA - CASTANHAL, PA",,9137121403,,,,,"Teclados e pianos digitais, Áudio e vídeo, Áudio profissional e home studio"
yamaha,2026-09-06,yamaha-1116aa06e9,ASSISTENCIA TECNICA PROSHOW,PA,,,"RUA DOS MUNDURUCUS, 3814 – GUAMA – BELEM, PA",,9133497886,,,,,"Teclados e pianos digitais, Áudio e vídeo, Áudio profissional e home studio"
yamaha,2026-09-06,yamaha-db6659c128,ATELIÊ SONAT,PA,,,"PASSAGEM SANTA MATILDE, 52 A -CASTANHEIRA - BELÉM - PA",,9121217323,,,,,BI
yamaha,2026-09-06,yamaha-bdbdf6b5dd,EXATA SERVIÇOS E COMPONENTES,PA,,,"TRAVESSA 7 DE SETEMBRO, 672 - SALA B - APARECIDA - SANTARÉM, PA",,93991008728,,,,,"Teclados e pianos digitais, Áudio e vídeo, Áudio profissional e home studio"
yamaha,2026-09-06,yamaha-5ac270b724,HUMBERTO AZULAY,PA,,,"AV TAVARES BASTOS, 1485 APTO 201-MARAMBAIA- BELEM, PA",,91991163779,,,,,Pianos acústicos
yamaha,2026-09-06,yamaha-1e0e5c9be9,CORUJÃO ELETRÔNICA,PB,,,"AV. EXPEDICIONÁRIOS, 100 - LOJA 105 - EXPEDICIONÁRIOS - JOÃO PESSOA, PB",,8332255133,,,,,"Teclados e pianos digitais, Áudio e vídeo, Áudio profissional e home studio"
yamaha,2026-09-06,yamaha-f4ea710c68,TELETRONICA VILAR,PB,,,"RUA ALEXANDRINO CAVALCANTE BELO, 69 - CENTRO - CAMPINA GRANDE - PB",,83987508190|8333413157,,,,,"Teclados e pianos digitais, Áudio e vídeo, Áudio profissional e home studio"
yamaha,2026-09-06,yamaha-02cfa4f6b8,AGRESTE ELETRÔNICA,PE,,,"PRAÇA DR. MANOEL JARDIM, 132 - SANTO ANTONIO - GARANHUNS, PE",,8737617830,,,,,"Teclados e pianos digitais, Áudio e vídeo, Áudio profissional e home studio"
yamaha,2026-09-06,yamaha-6c526e83a3,ATELIER ADRIANO PESSOA,PE,,,"RUA TRIUNFO, 24 - ARTUR LUNDGREN I - PAULISTA, PE",,8131284326|81986705835,,,,,BI
yamaha,2026-09-06,yamaha-957705275d,CHATEAU PIANOS,PE,,,"RUA DA REGENERACAO, 433 - AGUA FRIA - RECIFE, PE",,8134448393|8187516925|8198095542,,,,,Pianos acústicos
yamaha,2026-09-06,yamaha-f1dddc22d3,CP TECH AUDIO,PE,,,"Rua João Fernandes Vieira, 574 Sala 403, Boa Vista - Recife，PE",,8134222038,,,,,"Teclados e pianos digitais, Áudio e vídeo, Áudio profissional e home studio"
yamaha,2026-09-06,yamaha-82864f9277,JMR ELETRÔNICA,PE,,,"RUA AMÉRICO VESPÚCIO, 188 - SÃO FRANCISCO - CARUARU, PE",,8131374277,,,,,"Teclados e pianos digitais, Áudio e vídeo, Áudio profissional e home studio"
yamaha,2026-09-06,yamaha-d1b98c28a3,JR EMPREENDIMENTOS,PE,,,"RUA CAMPINA GRANDE, 264 - CENTRO - OLINDA, PE",,8132416310|81986404201,,,,,BI
yamaha,2026-09-06,yamaha-d1e48a5c2d,VIDEO TECNICA ELETRONICA,PE,,,"RUA QUARENTA E OITO, 525 – ESPINHEIRO – RECIFE, PE",,8132412393,,,,,"Teclados e pianos digitais, Áudio e vídeo, Áudio profissional e home studio"
yamaha,2026-09-06,yamaha-291c9ed381,VIDICOM LTDA ME,PE,,,"R. Ernesto de Paula Santos, 867 - Boa Viagem - Recife - PE",,8134664068,,,,,"Teclados e pianos digitais, Áudio e vídeo, Áudio profissional e home studio"
yamaha,2026-09-06,yamaha-1464f687c2,AUDIO MUSICAL,PI,,,"RUA TIRADENTES, 2549 - ANEXO B - PORENQUANTO - TERESINA, PI",,8633030436,,,,,"Teclados e pianos digitais, Áudio e vídeo, Áudio profissional e home studio"
yamaha,2026-09-06,yamaha-e5ed7052dd,ANTUNES TÉCNICO,PR,,,"RUA JOÃO DA SILVA GODOY, 234 - ERNANI MOURA LIMA - LONDRINA, PR",,4333343145|43999913145,,,,,BI
yamaha,2026-09-06,yamaha-fbd5c77187,AUDIOLASER ELETRÔNICA LTDA,PR,,,"RUA BLAISE PASCAL, 124 - ABRANCHES - CURITIBA, PR",,4130273200,,,,,"Teclados e pianos digitais, Áudio e vídeo, Áudio profissional e home studio"
yamaha,2026-09-06,yamaha-9db201d258,BONIFÁCIO PIANOS,PR,,,"RUA RIO JAVARÍ, 18 - JD ESMERALDA - CURITIBA, PR",,4136212196|41999915109,,,,,Pianos acústicos
yamaha,2026-09-06,yamaha-6f4d621997,CARLOS ALBERTO MAIA DE OLIVEIRA,PR,,,"RUA CAPITAO JOAO BUSSE, 1214 - CALIFORNIA - LONDRINA, PR",,4333413866|43991540393,,,,,Pianos acústicos
yamaha,2026-09-06,yamaha-79ba9d9148,CLAVE DE SOM,PR,,,"RUA ITAJUBA nº 465- PORTAO - CURITIBA, PR",,4133338620,,,,,"Teclados e pianos digitais, Áudio e vídeo, Áudio profissional e home studio"
yamaha,2026-09-06,yamaha-9be942faec,CORRADO GUITARS,PR,,,"AV JINROKU KUBOTA, 380 - JARDIM ALVORADA - MARINGÁ, PR",,4433462156,,,,,"Violões, guitarras e baixos"
yamaha,2026-09-06,yamaha-1c304dab6f,HIGHTEC,PR,,,"AV. MARINGÁ, 2053 - JD QUEBEC - LONDRINA, PR",,4333281805,,,,,"Teclados e pianos digitais, Áudio e vídeo, Áudio profissional e home studio"
yamaha,2026-09-06,yamaha-b7218c2036,NORBERTO KRUGER,PR,,,"RUA INDEPENDENCIA, 1633 - CENTRO - MARECHAL CANDIDO RONDON - PR",,7130377207|71992117207,,,,,Pianos acústicos
yamaha,2026-09-06,yamaha-a58bbc77e1,POWER TECH ELETRÔNICA,PR,,,"AV. HERVAL, 698 F - CENTRO - MARINGÁ, PR",,4432224618,,,,,"Teclados e pianos digitais, Áudio e vídeo, Áudio profissional e home studio"
yamaha,2026-09-06,yamaha-84de004d61,AIMARTE PRO,RJ,,,"AV. DAS AMÉRICAS, 2250 - Sala 221, BARRA DA TIJUCA - RIO DE JANEIRO, RJ",,2124314685|2124311794,,,,,"Teclados e pianos digitais, Áudio e vídeo, Áudio profissional e home studio"
yamaha,2026-09-06,yamaha-7f6661c7cf,BASTOS LUTHIEARIA LTDA,RJ,,,"R ALMIRANTE BARROSO, 80 - ANDAR 6, SALA 602 Jardim Vinte e Cinco de Agosto - Duque de Caxias - RJ",,21981414918,,,,,"Violões, guitarras e baixos"
yamaha,2026-09-06,yamaha-a12023b8fb,CIA DO SOPRO,RJ,,,"RUA DA CONCEIÇÃO, 188 - SALA 1004B - CENTRO - NITERÓI, RJ",,2126132729,,,,,BI
yamaha,2026-09-06,yamaha-3877e76402,DR.VIDEO,RJ,,,"RUA TONELEIRO, 153 A - COPACABANA - RIO DE JANEIRO, RJ",,2122554400,,,,,"Teclados e pianos digitais, Áudio e vídeo, Áudio profissional e home studio"
yamaha,2026-09-06,yamaha-7d0f7cf6f8,ELETRÔNICA BW,RJ,,,"AV. DAS AMÉRICAS, 7907 BLC 2 LJ 110 - BARRA DA TIJUCA - RIO DE JANEIRO - RJ",,2135655636|21969478844,,,,,"Teclados e pianos digitais, Áudio e vídeo, Áudio profissional e home studio"
yamaha,2026-09-06,yamaha-1823560399,GUT PIANOS,RJ,,,"RUA SANTA BÁRBARA, 115 - PACIÊNCIA - RIO DE JANEIRO, RJ",,2133946118|21978407652,,,,,Pianos acústicos
yamaha,2026-09-06,yamaha-3eec633c87,HAYASHIDA ELETRÔNICA,RJ,,,"RUA ARTUR LUIS CORREA, 153, 155 E 157 - JARDIM VENEZA(VOLDAC) – VOLTA REDONDA, RJ",,2433388966,,,,,"Teclados e pianos digitais, Áudio e vídeo, Áudio profissional e home studio"
yamaha,2026-09-06,yamaha-81f596d5e5,MEGA SOM,RJ,,,"RUA MAC NIVEN, 4 - LOJA B - CENTRO - NOVA FRIBURGO, RJ",,2225228547,,,,,"Teclados e pianos digitais, Áudio e vídeo, Áudio profissional e home studio"
yamaha,2026-09-06,yamaha-08042342f0,MIDITECH,RJ,,,"RUA IPIRANGA, 56 - EDIFÍCIO SALETE SALA 07 - CENTRO - CAMPOS DOS GOYTACAZES, RJ",,2230150241,,,,,"Teclados e pianos digitais, Áudio e vídeo, Áudio profissional e home studio"
yamaha,2026-09-06,yamaha-6c31aad809,RF SOM,RJ,,,"RUA NORONHA TORREZÃO, 21 - SANTA ROSA - NITERÓI, RJ",,2127104382,,,,,"Teclados e pianos digitais, Áudio e vídeo, Áudio profissional e home studio"
yamaha,2026-09-06,yamaha-89cec8deae,RJF CONSERTO,RJ,,,"RUA PEDRO I, 7 LOJA C - CENTRO - RIO DE JANEIRO, RJ",,2122524578|21970429091,,,,,BI
yamaha,2026-09-06,yamaha-b6fabeff36,SWITCH MUSICAL AUDIO,RJ,,,"Av Almirante Barroso, 80 Sala 601, Jardim Vinte e Cinco de Agosto - Duque de Caxias - RJ",,2127838961,,,,,"Teclados e pianos digitais, Áudio e vídeo, Áudio profissional e home studio"
yamaha,2026-09-06,yamaha-ab89b5e3a4,TIENES PIANOS,RJ,,,"ESTRADA DO RIO GRANDE, 1885 - LOJA 103 - TAQUARA - RIO DE JANEIRO, RJ",,2133471975|21997199097,,,,,Pianos acústicos
yamaha,2026-09-06,yamaha-abab65b6ef,ASSISTEC,RN,,,"AV. PRUDENTE DE MORAIS, 6387 - CANDELARIA - NATAL, RN",,8432060872,,,,,"Teclados e pianos digitais, Áudio e vídeo, Áudio profissional e home studio"
yamaha,2026-09-06,yamaha-f4ca96dbd4,ATELIER SAX SERVICE,RN,,,"R GRAMADO, 28 - CIDADE DA ESPERANÇA - NATAL, RN",,8432055724|84999674010,,,,,BI
yamaha,2026-09-06,yamaha-c44a05c883,ELETRONORTE ELETRONICA,RN,,,"AV. CORONEL ESTEVAM,934 - ALECRIM - NATAL - RN",,8432131523,,,,,"Teclados e pianos digitais, Áudio e vídeo, Áudio profissional e home studio"
yamaha,2026-09-06,yamaha-f05c380ad5,JOSE CELIO FERREIRA,RN,,,"RUA SÃO PAULO, 136 - ALECRIM - NATAL, RN",,8432235832|8499688802,,,,,Pianos acústicos
yamaha,2026-09-06,yamaha-5aaf71bc2b,LS luthieria,RN,,,"RUA DOS PAIANAZES, 1473 - LETRA B - ALECRIM - NATAL - RN",,,,,,,"Violões, guitarras e baixos"
yamaha,2026-09-06,yamaha-a08b2e961f,LUTHIER CENTER,RN,,,"R. DOUTOR ANTONIO DE SOUZA, 143 - ANDAR 1 - CENTRO - MOSSORO, RN",,8491669646,,,,,"Violões, guitarras e baixos"
yamaha,2026-09-06,yamaha-49da57d2cc,ELETRONICA CAMERAS.COM,RO,,,"RUA JOÃO GOULART, 2061 - SÃO CRISTÓVÃO - PORTO VELHO - RO",,69999591328|6932236873,,,,,"Teclados e pianos digitais, Áudio e vídeo, Áudio profissional e home studio"
yamaha,2026-09-06,yamaha-5f408ed3a5,ELETRONICA REAL 1,RO,,,"RUA CORUMBIARA, 4931 - CENTRO - ROLIM DE MOURA, RO",,6934421178,,,,,"Teclados e pianos digitais, Áudio e vídeo, Áudio profissional e home studio"
yamaha,2026-09-06,yamaha-43752050bf,LAURO CAMARA JARDIM FILHO,RO,,,"AV. LAURO SODRÉ, 1652 - JARDIM AMERICA - PORTO VELHO, RO",,6932215432|69992127563,,,,,Pianos acústicos
yamaha,2026-09-06,yamaha-d8d2242e78,BARRONCAS E BARRONCAS,RR,,,"AV. GENERAL ATAIDE TEIVE, 3023 – BURITIS - BOA VISTA, RR",,9536251636,,,,,"Teclados e pianos digitais, Áudio e vídeo, Áudio profissional e home studio"
yamaha,2026-09-06,yamaha-7285cac52e,DA ROCHA,RS,,,"RUA URUGUAI, 168 - SÃO JOSÉ - CANOAS, RS",,5134281313,,,,,"Teclados e pianos digitais, Áudio e vídeo, Áudio profissional e home studio"
yamaha,2026-09-06,yamaha-2d95858ec6,DIGISOM GW,RS,,,"Rua São Nicolau, 1093 - Santa Maria Goretti - PORTO ALEGRE, RS",,5133438142|51991419023,,,,,"Teclados e pianos digitais, Áudio e vídeo, Áudio profissional e home studio"
yamaha,2026-09-06,yamaha-acf4486873,ELETRON ASSISTÊNCIA TÉCNICA,RS,,,"RUA MOROM, 724 - CENTRO - PASSO FUNDO, RS",,5430451278,,,,,"Teclados e pianos digitais, Áudio e vídeo, Áudio profissional e home studio"
yamaha,2026-09-06,yamaha-5a559568f0,ELETRONICA CLIMASTER,RS,,,"AV. ANGELO BOLSSON, 430 - MEDIANEIRA - SANTA MARIA, RS",,5530257963,,,,,"Teclados e pianos digitais, Áudio e vídeo, Áudio profissional e home studio"
yamaha,2026-09-06,yamaha-85bc6b68fd,ELETRÔNICA LEAL,RS,,,"RUA VISCONDE PELOTAS, 1176 - EXPOSIÇÃO - CAXIAS DO SUL, RS",,5432238422,,,,,"Teclados e pianos digitais, Áudio e vídeo, Áudio profissional e home studio"
yamaha,2026-09-06,yamaha-e48bc6d19f,ELETRÔNICA ZILLMER,RS,,,"RUA RAMIRO BARCELOS, 1272 - CENTRO - SANTA CRUZ DO SUL, RS",,5137112865,,,,,"Teclados e pianos digitais, Áudio e vídeo, Áudio profissional e home studio"
yamaha,2026-09-06,yamaha-c8dd7fd23a,LINA SOM,RS,,,"AV PERNAMBUCO, 2451 - NAVEGANTES - PORTO ALEGRE, RS",,5133881127,,,,,"Teclados e pianos digitais, Áudio e vídeo, Áudio profissional e home studio"
yamaha,2026-09-06,yamaha-ff341c187a,Monitores & Cia,RS,,,"Tiradentes, 2600 - Centro - Pelotas - RS",,5332270776,,,,,"Teclados e pianos digitais, Áudio e vídeo, Áudio profissional e home studio"
yamaha,2026-09-06,yamaha-0ad3097fc7,MUSITEC,RS,,,"RUA AFONSO CELSO, 290 - OPERÁRIO - NOVO HAMBURGO, RS",,5135271490,,,,,"Teclados e pianos digitais, Áudio e vídeo, Áudio profissional e home studio"
yamaha,2026-09-06,yamaha-25381752bb,PEDRO BICHELS PIANOS,RS,,,"RUA PASSO DA PATRIA, 342 - BELA VISTA - PORTO ALEGRE, RS",,5133323240|51991227957,,,,,Pianos acústicos
yamaha,2026-09-06,yamaha-9ccdff7c7a,Som Maior PROAUDIO,RS,,,"Rua Mauricio Cardoso, 1050 -Bairro Aparecida - Frederico Westphalen, RS",,5537441358|55981438144,,,,,"Teclados e pianos digitais, Áudio e vídeo, Áudio profissional e home studio"
yamaha,2026-09-06,yamaha-d2b2cc5765,VALCAREGGI,RS,,,"RUA JOÃO ALFREDO, 689 - CIDADE BAIXA - PORTO ALEGRE, RS",,5132245308,,,,,BI
yamaha,2026-09-06,yamaha-57244c8752,ATELIE RESONARE,SC,,,"RUA SAO PEDRO, 143 SALA 01 - GARCIA - BLUMENAU, SC",,4732340059|47984172084,,,,,BI
yamaha,2026-09-06,yamaha-8a62925fb9,CMM ELETRÔNICA,SC,,,"Rua 990 , nº 390 - sala 01 - Edifício JS - CENTRO - BALNEÁRIO CAMBORIÚ, SC",,4733676768,,,,,"Teclados e pianos digitais, Áudio e vídeo, Áudio profissional e home studio"
yamaha,2026-09-06,yamaha-16074e4384,COPETTI GUITARS,SC,,,AV. JOSUÉ DI BERNARDI 443 SALA 05 - SÃO JOSÉ - SC,,4832416165,,,,,"Violões, guitarras e baixos"
yamaha,2026-09-06,yamaha-c3e873b2a8,CSE DIGITAL,SC,,,"RUA ALTAMIRO GUIMARÃES, 754 - CENTRO- TUBARÃO , SC",,4836263644,,,,,"Teclados e pianos digitais, Áudio e vídeo, Áudio profissional e home studio"
yamaha,2026-09-06,yamaha-4b5c67dce4,DESTROS INSTRUMENTAL LUTHIERIA,SC,,,"RUA GETULIO VARGAS, 2750 - CENTRO - SÃO JOSÉ, SC",,4830940077|48984572623,,,,,BI
yamaha,2026-09-06,yamaha-9d7d400662,DIGISOM SC,SC,,,"RUA ANNA ORLANDINA MACIEL, 251 CENTRO SÃO JOSÉ - SC",,4832254347,,,,,"Teclados e pianos digitais, Áudio e vídeo, Áudio profissional e home studio"
yamaha,2026-09-06,yamaha-891fa553ab,ELETRÔNICA ALFA,SC,,,"RUA GASPAR, 237 - SÃO JUDAS - ITAJAÍ, SC",,4733491716,,,,,"Teclados e pianos digitais, Áudio e vídeo, Áudio profissional e home studio"
yamaha,2026-09-06,yamaha-67cc529fe3,ELETROTEC ELETRÔNICA,SC,,,"RUA CORONEL PASSOS MAIA, 1197 - CENTRO - XANXERÊ, SC",,4934330014,,,,,"Teclados e pianos digitais, Áudio e vídeo, Áudio profissional e home studio"
yamaha,2026-09-06,yamaha-9b8bfcf350,JL AUDIO MANUTENÇÃO ELETRÔNICA,SC,,,"RUA CAÇADOR, 208 - SL 01 - ANITA GARIBALDI - JOINVILLE, SC",,4734231287,,,,,"Teclados e pianos digitais, Áudio e vídeo, Áudio profissional e home studio"
yamaha,2026-09-06,yamaha-62c42ed6e3,ELETRÔNICA NACIONAL,SE,,,"RUA DEPUTADO CARLOS CORREIA, 569 - SIQUEIRA CAMPOS - ARACAJU, SE",,7932145564,,,,,"Teclados e pianos digitais, Áudio e vídeo, Áudio profissional e home studio"
yamaha,2026-09-06,yamaha-995fad9db2,ANALISE A,SP,,,"RUA DOUTORA SILVIA FERREIRA DE BARROS, 53 - JARDIM DOM VIEIRA - CAMPINAS - SP",,1940421082,,,,,Áudio profissional e home studio
yamaha,2026-09-06,yamaha-dbecc88fdd,AUDIOPLAY SOM PROFISSIONAL,SP,,,"RUA BOLÍVIA, 1592 - JARDIM PRESIDENTE - ARAÇATUBA, SP",,1836223724,,,,,"Teclados e pianos digitais, Áudio e vídeo, Áudio profissional e home studio"
yamaha,2026-09-06,yamaha-b465633ab1,CTE TECNOLOGIA,SP,,,"RUA DAS CAMPANULAS, 316 - VILA ALPINA - SÃO PAULO, SP",,1134733196,,,,,"Áudio e vídeo, Áudio profissional e home studio"
yamaha,2026-09-06,yamaha-8975190cd9,CTL ELETRÔNICA,SP,,,"RUA CONDE D'EU,53 - VERGUEIRO - SOROCABA, SP",,1532115242,,,,,"Teclados e pianos digitais, Áudio e vídeo, Áudio profissional e home studio"
yamaha,2026-09-06,yamaha-09cb493bc9,DIGITAL AUDIO,SP,,,"RUA ORLANDO CARPINO, 65 - CAMPINAS - SP",,1935794520,,,,,"Teclados e pianos digitais, Áudio e vídeo, Áudio profissional e home studio"
yamaha,2026-09-06,yamaha-6793f46da8,DINAMIK ELETRÔNICA CENTER,SP,,,"RUA PROFESSOR JORGE HENNINGS, 577 - JARDIM CHAPADÃO - CAMPINAS - SP",,1932136320|19989817810,,,,,"Teclados e pianos digitais, Áudio e vídeo, Áudio profissional e home studio"
yamaha,2026-09-06,yamaha-dd30b854cf,DJALMA CARVALHO,SP,,,"RUA AMERICANA, 305 - BAETA NEVES - SÃO BERNARDO DO CAMPO, SP",,1150711759|11996284812,,,,,Pianos acústicos
yamaha,2026-09-06,yamaha-0d6678b84f,ELECTON,SP,,,"Rua Maria Carolina, nº 706, Jardim Paulistano - São Paulo, SP",,1138161729,,,,,"Teclados e pianos digitais, Áudio e vídeo, Áudio profissional e home studio"
yamaha,2026-09-06,yamaha-86f8135373,ELETRÔNICA GILDA,SP,,,"AV HIGIENÓPOLIS, 236 - VILA GILDA - SANTO ANDRÉ, SP",,1149901555,,,,,"Teclados e pianos digitais, Áudio e vídeo, Áudio profissional e home studio"
yamaha,2026-09-06,yamaha-f247f0991a,ELETRÔNICA HITEC,SP,,,"AV. JK DE OLIVEIRA, 238 - JARDIM EULALIA - TAUBATÉ, SP",,1236321127,,,,,"Teclados e pianos digitais, Áudio e vídeo, Áudio profissional e home studio"
yamaha,2026-09-06,yamaha-4aac3412ce,ELETRONICA RENAZA LTDA,SP,,,"RUA JOÃO COLINO, 106 - CENTRO - OSASCO - SP",,1136811846,,,,,"Teclados e pianos digitais, Áudio e vídeo, Áudio profissional e home studio"
yamaha,2026-09-06,yamaha-8a539fa990,ELETRONICA SAI,SP,,,"RUA BOM JESUS DE PIRAPORA, 1640 - JD BONFIGLIOLI - JUNDIAÍ, SP",,1145875176,,,,,"Teclados e pianos digitais, Áudio e vídeo, Áudio profissional e home studio"
yamaha,2026-09-06,yamaha-0559e41aa5,ELETRÔNICA SANTISTA,SP,,,"AV. CONSELHERO RODRIGUES, 377 - MACUCO - SANTOS - SP",,1333452845,,,,,"Teclados e pianos digitais, Áudio e vídeo, Áudio profissional e home studio"
yamaha,2026-09-06,yamaha-0aec7e8060,EMERSON DOS SANTOS,SP,,,"RUA MINAS GERAIS QUADRA, 1755 - BLOCO 6 AP 402 - JARDIM CARVALHO - BAURU, SP",,1432364941|14997015641,,,,,Pianos acústicos
yamaha,2026-09-06,yamaha-a128a738dd,ESTAÇÃO ACUSTICA,SP,,,"RUA PLINIO SALGADO, 49 SITIO DO CAMPO PRAIA GRANDE – SP",,1333029000,,,,,"BI, Teclados e pianos digitais, Violões, guitarras e baixos, Áudio e vídeo, Áudio profissional e home studio"
yamaha,2026-09-06,yamaha-84029977ab,EXPRESSOM - SOM E ACESSÓRIOS,SP,,,"RUA MAJOR CARVALHO FILHO, 866 - CENTRO - ARARAQUARA, SP",,1633361411,,,,,"Teclados e pianos digitais, Áudio e vídeo, Áudio profissional e home studio"
yamaha,2026-09-06,yamaha-0c166f2246,FELTRONIC,SP,,,"RUA DOUTOR ÍTALO PECCIOLI, 203 - JARDIM FERREIRA DIAS - JAÚ, SP",,1436227347,,,,,"Teclados e pianos digitais, Áudio e vídeo, Áudio profissional e home studio"
yamaha,2026-09-06,yamaha-827936f04b,FLY AUDIO SOLUTIONS,SP,,,"RUA AFONSINA, 208 - RUDGE RAMOS - SÃO BERNARDO DO CAMPO - SP",,1139070900,,,,,Áudio profissional e home studio
yamaha,2026-09-06,yamaha-6a29167fb8,FPS FIX PRO SERVICE,SP,,,"RUA COLUMBUS, 171 - VILA LEOPOLDINA - SAO PAULO, SP",,1149992380,,,,,"Teclados e pianos digitais, Áudio e vídeo, Áudio profissional e home studio"
yamaha,2026-09-06,yamaha-8334b8e7d1,GAMBARU MANUTENÇÃO E COMERCIO DE EQUIPAMENTOS ELETRONICOS LTDA,SP,,,"AV. GUAPIRA, 2128 - Tucuruvi - SÃO PAULO - SP",,1122412427,,,,,Teclados e pianos digitais
yamaha,2026-09-06,yamaha-5f04f06ee4,GFS TECH,SP,,,"Rua Princesa Izabel, 642 - Vila Tamandaré - RIBEIRÃO PRETO - SP",,1636259208|16994030135,,,,,"Teclados e pianos digitais, Áudio e vídeo, Áudio profissional e home studio"
yamaha,2026-09-06,yamaha-d9f22e4d4d,GFS Tech Assistência Ténica,SP,,,"Rua Princesa Izabel, 642 - Vila Tamandaré - RIBEIRÃO PRETO - SP",,1636259208|16994030135,,,,,Áudio profissional e home studio
yamaha,2026-09-06,yamaha-69350515a3,HOME PRIME,SP,,,"CALÇADA DAS MARGARIDAS, 306",,1141917420,,,,,"Teclados e pianos digitais, Áudio e vídeo, Áudio profissional e home studio"
yamaha,2026-09-06,yamaha-f117c67942,INSTITUTO CASA DE OFICIO,SP,,,"RUA CAMPO BOM,67 - CIDADE VARGAS - São Paulo - SP",,1132840790,,,,,"BI, Baterias acústicas"
yamaha,2026-09-06,yamaha-a258c4c1f1,JLS & SONS,SP,,,"AV. JABAQUARA, 162 E 166 - MIRANDOPOILIS - SÃO PAULO, SP",,1155729602|11980729696,,,,,Pianos acústicos
yamaha,2026-09-06,yamaha-acebbf8ab3,LUTHIER AQUINO LTDA,SP,,,"RUA TEODORO SAMPAIO, 665 - PINHEIROS - SÃO PAULO - SP",,1145620992,,,,,"Violões, guitarras e baixos"
yamaha,2026-09-06,yamaha-c3b144cbf8,LUTHIERIA RP,SP,,,"RUA MARCILIA DIAS BICALHO DO ESPIRITO SANTO, 3248 - VILA NOSSA SENHORA DA PENHA - SAO JOSE DO RIO PRETO, SP",,1730124690|17991132774,,,,,Pianos acústicos
yamaha,2026-09-06,yamaha-1be23c306e,MUSIC TEC,SP,,,"RUA BARAO DE JACEGUAI 509 ANDAR 8 SALA 82 - CENTRO - MOGI DAS CRUZES, SP",,1147913867,,,,,"Teclados e pianos digitais, Áudio e vídeo, Áudio profissional e home studio"
yamaha,2026-09-06,yamaha-9aeb10fdda,MUSICAL TEC OFICINA DE INSTRUMENTOS MUSICAIS,SP,,,"RUA CIRENE JORGE RIBEIRO, 342 - VILA SALETE - SÃO PAULO -SP",,11999059049,,,,,"BI, Áudio e vídeo, Áudio profissional e home studio"
yamaha,2026-09-06,yamaha-0dedf0b9f4,PAULO MEMOLI,SP,,,"R CARANDAI, 396 - CASA VERDE - SÃO PAULO, SP",,1138574938,,,,,Pianos acústicos
yamaha,2026-09-06,yamaha-8d9c82a988,PRO AUDIO,SP,,,"RUA 21 DE ABRIL , 416 - RUDGE RAMOS - SÃO BERNARDO DO CAMPO, SP",,1141773550,,,,,"Teclados e pianos digitais, Áudio e vídeo, Áudio profissional e home studio"
yamaha,2026-09-06,yamaha-487eb02a12,ROBSON AFINADOR,SP,,,"RUA JOAQUIM OLIVEIRA FREITAS, 2371 - VILA MANGALOT - SÃO PAULO - SP",,11998787834,,,,,Pianos acústicos
yamaha,2026-09-06,yamaha-73e2491c54,SIDO COITINO PIANOS,SP,,,"RUA SETE DE SETEMBRO, 687 - CASA - JARDIM AVIACAO - PRESIDENTE PRUDENTE, SP",,1839165057|18991077300,,,,,Pianos acústicos
yamaha,2026-09-06,yamaha-e7d59a4bdc,SO MADEIRAS & METAIS ATELIER DE SOPROS,SP,,,"Avenida 42, 611 - Vila Operária - RIO CLARO, SP",,19988454443,,,,,BI
yamaha,2026-09-06,yamaha-6841c6f591,STEFAN SIEMONS,SP,,,"ESTRADA DAS PALMEIRAS, 867 - PQ YARA CECI - ITAPECERICA DA SERRA, SP",,1146663970,,,,,"BI, Baterias acústicas"
yamaha,2026-09-06,yamaha-f5eb218660,TBASE,SP,,,"AV. MIGUEL STEFANO, 779 - SAUDE - SÃO PAULO, SP",,11958429494|1123851220,tbase2003@gmail.com,,,,"Teclados e pianos digitais, Áudio e vídeo, Áudio profissional e home studio"
yamaha,2026-09-06,yamaha-e7835089d6,TECMUSIC SERVIÇOS,SP,,,"RUA LACEDEMÔNIA, 88 - JD AEROPORTO - SÃO PAULO, SP",,1150313472,,,,,"Teclados e pianos digitais, Áudio e vídeo, Áudio profissional e home studio"
yamaha,2026-09-06,yamaha-b54c09a157,TG ELETRÔNICA,SP,,,"RUA TOLEDO BARBOSA, 601 - BELÉM - SÃO PAULO, SP",,1122915038,,,,,"Teclados e pianos digitais, Áudio e vídeo, Áudio profissional e home studio"
yamaha,2026-09-06,yamaha-1ff1cef696,WILL LUTHIER DE INSTRUMENTOS MUSICAIS,SP,,,"Praça Carolina de Almeida e Silva, 109- TAPIRATIBA - SÃO PAULO, SP",,11988365402,,,,,BI
yamaha,2026-09-06,yamaha-7c1db607f1,ELETRONICA CONCORD,TO,,,"Q 104 NORTE RUA NE 5, LT 20 - PLANO DIRETOR NORTE – PALMAS, TO",,6332152144,,,,,"Teclados e pianos digitais, Áudio e vídeo, Áudio profissional e home studio"
yamaha,2026-09-06,yamaha-153d5522b5,GIGANTEL ELETRONICA,TO,,,"AV TOCANTINS 727 - SALA 02, QD. B, LOTE 10 - SETOR MANOEL CARDOSO - ARAGUAINA, TO",,6334141137,,,,,"Teclados e pianos digitais, Áudio e vídeo, Áudio profissional e home studio"
yamaha,2026-09-06,yamaha-deffa9a8b6,JOSÉ MENDES LOURENÇO,TO,,,"NORTE AVENIDA NS 2, LOTE 02 BLOCO B AP. 203 (CONDOMÍNIO PALÁCIO DAS ARTES) - PLANO DIRETOR NORTE - PALMAS, TO",,63984408875|61992387206,,,,,Pianos acústicos
